Source,Target,Weight,Relationship,Citation
Paul Teller,Donald J. Trump,1,Special assistant,https://www.documentcloud.org/documents/3534342-Teller-Paul.html
Donald J. Trump,Joe Hagin,1,Deputy chief of staff for operations,http://www.cnn.com/2017/01/04/politics/bill-stepien-chris-christie-donald-trump-white-house/
Donald J. Trump,Kellyanne Conway,1,White House Counselor,General knowledge
Donald J. Trump,Wilbur Ross,1,Secretary of Commerce,General knowledge
Donald J. Trump,George E. Norcross Iii,1,"""whose friendship with Mr. Trump dates to the president’s Atlantic City years,"" per the New York Times",https://www.nytimes.com/2017/02/18/us/mar-a-lago-trump-ethics-winter-white-house.html?_r=0
Donald J. Trump,Jared Kushner,1,Senior adviser,https://www.washingtonpost.com/news/post-politics/wp/2017/01/09/tumps-son-in-law-jared-kushner-expected-to-join-white-house-as-a-senior-adviser/?utm_term=.a3958e1d3829
Donald J. Trump,Stephen A. Schwarzman,1,Chair of Trump's Strategic and Policy forum,http://fortune.com/2016/12/14/donald-trump-musk-kalanick-nooyi/
Donald J. Trump,David Shulkin,1,Secretary of Veterans Affairs,http://www.usnews.com/news/national-news/articles/2017-02-09/10-things-you-didnt-know-about-david-shulkin
Donald J. Trump,James Sherk,1,White House Domestic Policy Council labor and employment advisor,https://www.bna.com/trumps-new-labor-n57982084346/
Donald J. Trump,Brian Baudreau,1,Former driver,https://www.nytimes.com/2016/12/25/us/politics/trump-organization-business.html?_r=0
Donald J. Trump,Sean Hannity,1,"A top touchstone outside the White House, according to the New York Times",https://www.nytimes.com/2017/04/22/us/politics/donald-trump-white-house.html?_r=1
Donald J. Trump,Robert Goad,1,Special assistant,https://www.documentcloud.org/documents/3534080-Goad-Robert.html
Donald J. Trump,Steven N. Cheung,1,Assistant communications director,https://www.documentcloud.org/documents/3534333-Cheung-Steven-N.html
Donald J. Trump,Bill Stepien,1,White House political director,http://www.cnn.com/2017/01/04/politics/bill-stepien-chris-christie-donald-trump-white-house/
Donald J. Trump,Ajit Pai,1,Appointed chairman of the Federal Communications Commission,http://www.usatoday.com/story/tech/news/2017/01/23/new-fcc-chairman-ajit-pai-no-net-neutrality-fan/96967372/
Donald J. Trump,Allen Weisselberg,1,"""One of Donald Trump's longtime confidants,"" per the Wall Street Journal",http://blogs.wsj.com/cfo/2016/11/05/donald-trumps-loyal-numbers-man/
Donald J. Trump,Eric Ueland,1,"""Leader"" in the transition team per CNN",http://www.cnn.com/2016/11/10/politics/donald-trump-transition-drain-the-swamp/
Donald J. Trump,Ado Machida,1,Director of policy implementation for Trump transition team,http://www.cnn.com/2016/11/10/politics/donald-trump-transition-drain-the-swamp/ | https://www.linkedin.com/in/ado-machida-68a9a64
Donald J. Trump,Thomas J. Barrack Jr.,1,Inauguration committee chairman,https://www.donaldjtrump.com/press-releases/president-elect-trump-announces-presidentialinaugural-committee-leader
Donald J. Trump,Mehmet Ali Yalcindag,1,Business partners,http://www.nytimes.com/2016/11/26/us/politics/donald-trump-international-business.html
Donald J. Trump,Victor Pinchuk,1,Trump made video appearance for Pinchuk's convention,https://www.buzzfeed.com/paulmcleod/trump-foundation-received-150000-donation-in-exchange-for-20?utm_term=.wtQZdJa2V#.llzLxNkYw
Donald J. Trump,Russ Vought,1,Part of OMB transition team,http://thehill.com/policy/finance/314991-trump-team-prepares-dramatic-cuts
Donald J. Trump,Mike Baselice,1,Pollster for Trump's presidential campaign,https://www.texastribune.org/2016/07/01/trump-campaign-turns-texas-political-talent/
Donald J. Trump,Dan Coats,1,Director of National Intelligence,General knowledge
Donald J. Trump,Oleg Miserva,1,Miserva bought a Trump penthouse in Florida,https://www.washingtonpost.com/politics/in-little-moscow-russians-helped-donald-trumps-brand-survive-the-recession/2016/11/04/f9dbd38e-97cf-11e6-bb29-bf2701dbe0a3_story.html
Donald J. Trump,Michael Flynn,1,National Security Advisor,General knowledge
Donald J. Trump,John Mcentee,1,Personal aide to the President,http://www.cnn.com/2017/01/04/politics/bill-stepien-chris-christie-donald-trump-white-house/
Donald J. Trump,Betsy Devos,1,Secretary of Education,General knowledge
Donald J. Trump,Helen Ferre,1,Director media affairs,https://www.documentcloud.org/documents/3534068-Ferre-Helen.html
Donald J. Trump,Andrew Bremberg,1,Domestic policy advisor,General knowledge
Donald J. Trump,Alexander Angelson,1,Special assistant,https://www.documentcloud.org/documents/3534231-Angelson-Alexander.html
Donald J. Trump,Scott Pruitt,1,Administrator of the Environmental Protection Agency,General knowledge
Donald J. Trump,Jason D. Greenblatt,1,Special Representative for International Negotiations,https://www.nytimes.com/2016/12/25/us/politics/trump-organization-business.html?_r=0
Donald J. Trump,Wells Griffith,1,"Battleground states director for Trump campaign, senior adviser for the Department of Energy",http://www.politico.com/story/2017/01/trumps-shadow-cabinet-234088 | https://www.documentcloud.org/documents/3460899-Wells-Griffith-LinkedIn-2017-02-13.html
Donald J. Trump,Jeff Sessions,1,Attorney General,General knowledge
Donald J. Trump,Shahira Knight,1,Special assistant,https://www.documentcloud.org/documents/3534038-Knight-Shahira-E.html
Donald J. Trump,Cliff Sims,1,Director of White House message strategy,https://www.documentcloud.org/documents/3534339-Sims-Cliff.html
Donald J. Trump,Marc E. Kasowitz,1,"Has represented ""President Donald J. Trump in a wide range of litigation matters for over 15 years,"" per bio",http://www.kasowitz.com/marc-e-kasowitz/
Donald J. Trump,Indra Nooyi,1,Member of Trump's Strategic and Policy forum,http://fortune.com/2016/12/14/donald-trump-musk-kalanick-nooyi/
Donald J. Trump,Reed S. Cordish,1,Assistant to the President for intragovernmental and technology initiatives,http://www.baltimoresun.com/news/maryland/politics/blog/bal-reed-cordish-to-join-trump-administration-20170105-story.html
Donald J. Trump,Kathryn Talento,1,Special advisor,https://www.documentcloud.org/documents/3534341-Talento-Kathryn.html
Donald J. Trump,Stephen B. Meister,1,Meister was Trump's attorney during a 2013 ethics suit of the NY AG,http://www.nydailynews.com/blogs/dailypolitics/donald-trump-set-file-ethics-complaint-tuesday-ny-ag-eric-schneiderman-blog-entry-1.1697386 | http://www.newsweek.com/2015/10/30/trumps-big-atlantic-city-dump-385427.html
Donald J. Trump,Emin Agalarov,1,"The Russian pop singer, son of billionaire real estate developer Aras Agalarov, says he befriended Trump",https://www.washingtonpost.com/politics/inside-trumps-financial-ties-to-russia-and-his-unusual-flattery-of-vladimir-putin/2016/06/17/dbdcaac8-31a6-11e6-8ff7-7b6c1998b7a0_story.html | https://www.youtube.com/watch?v=iuZUNjFsgS8
Donald J. Trump,Melania Trump,1,Married,General knowledge
Donald J. Trump,Stephen Miller,1,Senior Advisor to the President for Policy,General knowledge
Donald J. Trump,Ryan Zinke,1,Secretary of Interior,General knowledge
Donald J. Trump,Alexander Acosta,1,Nominee for Labor Secretary,http://abcnews.go.com/Politics/alexander-acosta-trumps-labor-secretary-nominee/story?id=45541559
Donald J. Trump,Prince Alwaleed Bin Talalthe,1,"""the billionaire [...] aided Trump during his corporate bankruptcies in the 1990s by purchasing his yacht, which provided him with desperately needed cash,"" per Newsweek",http://www.newsweek.com/2016/09/23/donald-trump-foreign-business-deals-national-security-498081.html
Donald J. Trump,Sam Clovis,1,Former senior policy advisor on campaign,http://www.politico.com/magazine/story/2016/06/stephen-miller-donald-trump-2016-policy-adviser-jeff-sessions-213992
Donald J. Trump,Michael Fascitelli,1,Fascitelli is CEO of Vornado Realty Trust and donated the maximum to Trump's campaign,https://www.bloomberg.com/news/features/2017-01-27/jared-kushner-s-felon-father-brought-two-fellow-inmates-into-company
Donald J. Trump,Travis Kalanick,1,Former member of Trump's Strategic and Policy forum,http://fortune.com/2016/12/14/donald-trump-musk-kalanick-nooyi/ | http://www.recode.net/2017/2/2/14490950/travis-kalanick-uber-ceo-leaves-donald-trump-advisory-council
Donald J. Trump,Joyce Meyer,1,Deputy assistant,https://www.documentcloud.org/documents/3534156-Meyer-Joyce-Y.html
Donald J. Trump,Ashley Marquis,1,Chief of staff of the National Economic Council,https://www.documentcloud.org/documents/3534134-Marquis-Ashley.html
Donald J. Trump,Phil Ruffin,1,"""Mr. Trump has 20-odd business partners, but none is closer to him than Mr. Ruffin,"" per the New York Times",https://www.nytimes.com/2017/04/22/us/politics/donald-trump-white-house.html?_r=1
Donald J. Trump,Elon Musk,1,Member of Trump's Strategic and Policy forum,http://fortune.com/2016/12/14/donald-trump-musk-kalanick-nooyi/
Donald J. Trump,Christopher Ruddy,1,"""One of Trump's longtime friends,"" according to the Washington Post",https://www.washingtonpost.com/news/powerpost/wp/2017/02/12/trump-friend-says-priebus-is-in-way-over-his-head/ | http://www.politico.com/story/2017/02/donald-trump-challenges-governing-presidency-234879
Donald J. Trump,Sonny Perdue,1,Secretary of Agriculture,https://www.nytimes.com/2017/01/18/us/politics/sonny-perdue-agriculture-secretary.html
Donald J. Trump,Paul Manafort,1,Former campaign manager,http://www.cnn.com/2016/08/19/politics/donald-trump-campaign-chairman-paul-manafort-resigns/
Donald J. Trump,Edwin Feulner,1,"""Leader"" in the transition team per CNN",http://www.cnn.com/2016/11/10/politics/donald-trump-transition-drain-the-swamp/
Donald J. Trump,Linda Mcmahon,1,Administrator of the Small Business Administration,General knowledge
Donald J. Trump,Julia Hahn,1,Deputy political strategist,https://www.documentcloud.org/documents/3534111-Hahn-Julia.html
Donald J. Trump,John F. Kelly,1,Secretary of Department of Homeland Security,General knowledge
Donald J. Trump,Elaine Chao,1,Secretary of Transportation,General knowledge
Donald J. Trump,Dina Powell,1,Assistant to the president and senior counselor for economic initiatives,https://www.bloomberg.com/politics/articles/2017-01-12/goldman-sachs-s-dina-powell-named-as-trump-s-economic-assistant
Donald J. Trump,Robert Lighthizer,1,Nominee for U.S. Trade Representative,General knowledge
Donald J. Trump,Curtis Dubay,1,Part of Treasury Department transition team,http://thehill.com/policy/finance/307066-trump-taps-economists-investors-for-transition-team
Donald J. Trump,Tom Bossert,1,Homeland Security Advisor,General knowledge
Donald J. Trump,Corey Lewandowski,1,Former campaign manager,http://www.politico.com/blogs/on-media/2017/01/corey-lewandowski-joins-conservative-news-network-as-commentator-233559
Donald J. Trump,Michael Pompeo,1,Director of CIA,General knowledge
Donald J. Trump,Reince Priebus,1,White House Chief of Staff,General knowledge
Donald J. Trump,Jennifer Korn,1,Deputy director,https://www.documentcloud.org/documents/3534039-Korn-Jennifer.html
Donald J. Trump,Sam Nunberg,1,Former adviser,http://www.politico.com/magazine/story/2016/06/stephen-miller-donald-trump-2016-policy-adviser-jeff-sessions-213992
Donald J. Trump,Andeliz Castillo,1,Special assistant,https://www.documentcloud.org/documents/3534453-Castillo-Andeliz.html
Donald J. Trump,Ivanka Trump,1,Parent/child,General knowledge
Donald J. Trump,Edwin Meese,1,"""Leader"" in the transition team per CNN",http://www.cnn.com/2016/11/10/politics/donald-trump-transition-drain-the-swamp/
Donald J. Trump,Brian Burns,1,Ambassador to Ireland,https://www.bostonglobe.com/news/politics/2017/01/11/donald-trump-taps-mar-lago-pal-with-massachusetts-ties-for-irish-ambassador-brian-burns/Jt2g5aX1CeVvA3O4RbrDMN/story.html
Donald J. Trump,Donald Trump Jr.,1,Parent/child,General knowledge
Donald J. Trump,Michael J. Ellis,1,Special assistant,https://www.documentcloud.org/documents/3534059-Ellis-Michael-J.html
Donald J. Trump,John Eisenberg,1,Deputy assistant,https://www.whitehouse.gov/the-press-office/2017/02/02/white-house-national-security-advisor-announces-nsc-senior-staff-0
Donald J. Trump,Thomas Pyle,1,Head of the Department of Energy transition team,http://www.latimes.com/politics/la-na-pol-trump-kochs-climate-20161205-story.html
Donald J. Trump,Uttam Dhillon,1,Special assistant,https://www.documentcloud.org/documents/3534050-Dhillon-Uttam.html
Donald J. Trump,Terry Branstad,1,Nominee for Ambassador to China,General knowledge
Donald J. Trump,Jamie Dimon,1,Member of Trump's Strategic and Policy forum,http://fortune.com/2016/12/14/donald-trump-musk-kalanick-nooyi/
Donald J. Trump,Raj Shah,1,Deputy communications director,http://www.cnn.com/2017/01/04/politics/bill-stepien-chris-christie-donald-trump-white-house/
Donald J. Trump,Ben Howard,1,Special assistant,https://www.documentcloud.org/documents/3534135-Howard-Benjamin.html
Donald J. Trump,Sarah Makin,1,Deputy assistant,https://www.documentcloud.org/documents/3535103-Makin-Sarah.html
Donald J. Trump,Robert Mercer,1,Major donor,https://www.publicintegrity.org/2016/12/02/20504/what-we-knew-about-donald-trump-s-inner-circle-when-we-knew-it
Donald J. Trump,Rick Dearborn,1,Deputy chief of staff for legislative and intergovernmental affairs,http://www.cnn.com/2017/01/04/politics/bill-stepien-chris-christie-donald-trump-white-house/
Donald J. Trump,Timothy Pataki,1,Special assistant,https://www.documentcloud.org/documents/3534160-Pataki-Timothy-a-New-Entrant-278-2017.html
Donald J. Trump,Jason D. Meister,1,"Worked on Trump's NY campaign, goes on Fox News as a Trump surrogate",https://therealdeal.com/issues_articles/whos-jumping-ship/ | http://www.jasondmeister.com/media/
Donald J. Trump,Bill Mcginley,1,Deputy assistant,http://www.jonesday.com/jones-day-lawyers-tapped-for-federal-and-state-posts-01-20-2017/
Donald J. Trump,Barry Bennett,1,"""Informal advisor to the Donald Trump campaign,"" per the Washington Post",https://www.washingtonpost.com/news/post-politics/wp/2016/01/22/former-carson-campaign-manager-barry-bennett-is-quietly-advising-trumps-top-aides/?utm_term=.795d808dc8d2
Donald J. Trump,Chris Christie,1,Former leader of the presidential transition team,https://www.nytimes.com/2017/04/22/us/politics/donald-trump-white-house.html?_r=1
Donald J. Trump,Elena Gorlova,1,Gorlova bought a Trump penthouse in Florida,https://www.washingtonpost.com/politics/in-little-moscow-russians-helped-donald-trumps-brand-survive-the-recession/2016/11/04/f9dbd38e-97cf-11e6-bb29-bf2701dbe0a3_story.html
Carl C. Icahn,Donald J. Trump,1,Special advisor,http://fortune.com/2016/12/21/donald-trump-carl-icahn-special-adviser-regulations/
Jarrod P. Agen,Donald J. Trump,1,Deputy assistant,https://www.documentcloud.org/documents/3534451-Agen-Jarrod.html
Carter Page,Donald J. Trump,1,Foreign policy adviser,General knowledge
Newt Gingrich,Donald J. Trump,1,"A top touchstone outside the White House, according to the New York Times",https://www.nytimes.com/2017/04/22/us/politics/donald-trump-white-house.html?_r=1
Christine Ciccone,Donald J. Trump,1,"""Leader"" in the transition team per CNN",http://www.cnn.com/2016/11/10/politics/donald-trump-transition-drain-the-swamp/
Aras Agalarov,Donald J. Trump,1,"The billionaire real estate developer says he befriended Trump, and also has served as a liaison between Trump and Putin",https://www.washingtonpost.com/politics/inside-trumps-financial-ties-to-russia-and-his-unusual-flattery-of-vladimir-putin/2016/06/17/dbdcaac8-31a6-11e6-8ff7-7b6c1998b7a0_story.html | http://www.forbes.com/profile/aras-agalarov/
Rex Tillerson,Donald J. Trump,1,Secretary of State,General knowledge
Jeremy Katz,Donald J. Trump,1,Deputy director of the National Economic Council,https://www.documentcloud.org/documents/3534036-Katz-Jeremy.html
Dan Scavino,Donald J. Trump,1,"Director of Social Media, White House",https://www.documentcloud.org/documents/3535097-Scavino-Dan.html
Joseph Kellogg,Donald J. Trump,1,"Chief of staff and executive secretary, National Security Council",https://www.documentcloud.org/documents/3534037-Kellogg-Joseph-K.html
Mangal Prabhat Lodha,Donald J. Trump,1,Business partners,http://www.nytimes.com/2016/11/26/us/politics/donald-trump-international-business.html
Sean Spicer,Donald J. Trump,1,White House Press Secretary,General knowledge
Sergei Millian,Donald J. Trump,1,Appeared in a Facebook photo together in 2014,https://www.ft.com/content/ea52a678-9cfb-11e6-8324-be63473ce146
Stephanie Grisham,Donald J. Trump,1,Deputy press secretary,https://www.documentcloud.org/documents/3534109-Grisham-Stephanie.html
"Roger J. Stone, Jr.",Donald J. Trump,1,"""Longtime adviser,"" per Politico",http://www.politico.com/story/2015/08/donald-trumps-debate-dirty-trickster-121098
Ginni Rometty,Donald J. Trump,1,Member of Trump's Strategic and Policy forum,http://fortune.com/2016/12/14/donald-trump-musk-kalanick-nooyi/
Michael D. Cohen,Donald J. Trump,1,Cohen is Trump's personal attorney,https://www.washingtonpost.com/news/post-politics/wp/2017/01/19/michael-cohen-special-counsel-to-donald-trump-will-follow-him-to-washington/?utm_term=.bea39093a642
Ryan Jarmula,Donald J. Trump,1,Special assistant,https://www.documentcloud.org/documents/3534032-Jarmula-Ryan.html
Kathleen Troia Mcfarland,Donald J. Trump,1,Deputy National Security Advisor,General knowledge
Peter Navarro,Donald J. Trump,1,Head of National Trade Council,http://www.businessinsider.com/peter-navarro-trump-administration-2017-4
Kalpesh Mehta,Donald J. Trump,1,"""exclusive representative of Trump's businesses in India,"" per Newsweek",http://www.newsweek.com/2016/09/23/donald-trump-foreign-business-deals-national-security-498081.html
Robert Kraft,Donald J. Trump,1,"A top touchstone outside the White House, according to the New York Times",https://www.nytimes.com/2017/04/22/us/politics/donald-trump-white-house.html?_r=1
Ross Worthington,Donald J. Trump,1,"Advisor for policy, strategy, and speechwriting",https://www.documentcloud.org/documents/3534345-Worthington-Ross.html
James Mattis,Donald J. Trump,1,Secretary of Defense,General knowledge
David M. Friedman,Donald J. Trump,1,Ambassador designate to Israel,https://www.nytimes.com/2017/02/11/us/politics/jared-kushner-israel.html?smid=tw-nytimesworld&smtyp=cur&_r=1
Felipe Yaryura,Donald J. Trump,1,The Argentine real estate developer is said to be friends with the Trump family,http://www.lanacion.com.ar/1955208-la-emocion-del-socio-argentino-de-trump
Vince Haley,Donald J. Trump,1,"Advisor for policy, strategy, and speechwriting",https://www.documentcloud.org/documents/3534112-Haley-Vincent.html
Lindsay Walters,Donald J. Trump,1,White House spokeswoman,https://www.bloomberg.com/politics/articles/2017-02-03/trump-trade-pick-could-negotiate-for-industry-of-biggest-client
Justin Clark,Donald J. Trump,1,Director of inter-governmental affairs,https://www.documentcloud.org/documents/3534079-Clark-Justin.html
Rick Perry,Donald J. Trump,1,Secretary of Energy,General knowledge
Rhona Graff Riccio,Donald J. Trump,1,Assistant,http://www.nytimes.com/1993/04/19/style/weddings-rhona-c-graff-lucius-j-riccio.html
Tom Price,Donald J. Trump,1,Secretary of Health and Human Services,General knowledge
Stephen A. Feinberg,Donald J. Trump,1,Member of Trump's economic advisory council,https://www.nytimes.com/2017/02/15/us/politics/trump-intelligence-agencies-stephen-feinberg.html
Joseph Hagin,Donald J. Trump,1,Deputy chief of staff,https://www.documentcloud.org/documents/3534458-Hagin-Joseph.html
Sean Cairncross,Donald J. Trump,1,Deputy assistant,http://www.politico.com/story/2017/01/trump-transition-white-house-hires-233863
Madeleine Westerhout,Donald J. Trump,1,Executive assistant,https://www.documentcloud.org/documents/3534343-Westerhout-Madeleine.html
Mick Mulvaney,Donald J. Trump,1,Director of Office of Management and Budget,General knowledge
Omarosé Onee Manigault,Donald J. Trump,1,Assistant to the President and Director of Communications for the Office of Public Liaison,General knowledge
George Gigicos,Donald J. Trump,1,Director of advance,https://www.documentcloud.org/documents/3534048-Gigicos-George.html
Ben Carson,Donald J. Trump,1,Secretary of HUD,General knowledge
Recep Tayyip Erdogan,Donald J. Trump,1,"Erdogan, the president of Turkey and a vocal Trump supporter, met him during the ribbon-cutting of a Trump property",http://www.newsweek.com/2016/09/23/donald-trump-foreign-business-deals-national-security-498081.html
Steven Roth,Donald J. Trump,1,"Former campaign advisor, going to co-head infrastructure council",http://www.huffingtonpost.com/entry/donald-trump-steven-roth-meeeting_us_587917f8e4b09281d0eaa28e | https://www.wsj.com/articles/donald-trump-asks-richard-lefrak-steven-roth-to-monitor-infrastructure-plans-costs-1484591989 | https://www.bloomberg.com/news/features/2017-01-27/jared-kushner-s-felon-father-brought-two-fellow-inmates-into-company
Ike Perlmutter,Donald J. Trump,1,"Perlmutter ""has been informally advising Mr. Trump on veterans issues,"" per the New York Times",https://www.nytimes.com/2017/04/22/us/politics/donald-trump-white-house.html?_r=1
Bethany Scully,Donald J. Trump,1,Special assistant,https://www.documentcloud.org/documents/3534336-Scully-Bethany.html
Boris Epshteyn,Donald J. Trump,1,Assistant director of communications,https://www.documentcloud.org/documents/3534046-Epshteyn-Boris.html
Paul Winfree,Donald J. Trump,1,Deputy director of the domestic policy council,https://www.documentcloud.org/documents/3534344-Winfree-Paul.html
Roger Khafif,Donald J. Trump,1,"Told Russian buyers he was a partner in Trump project in Sunny Isles, Fla.",https://www.washingtonpost.com/politics/in-little-moscow-russians-helped-donald-trumps-brand-survive-the-recession/2016/11/04/f9dbd38e-97cf-11e6-bb29-bf2701dbe0a3_story.html
Alexander Nix,Donald J. Trump,1,Worked on presidential campaign. May continue work for the administration.,https://www.theguardian.com/us-news/2016/nov/23/donald-trump-cambridge-analytica-steve-bannon
"Walter J. ""jay"" Clayton Iii",Donald J. Trump,1,Nominee for SEC Chairman,http://www.newyorker.com/magazine/2017/03/13/donald-trumps-worst-deal
John Gray,Donald J. Trump,1,Part of OMB transition team,http://thehill.com/policy/finance/314991-trump-team-prepares-dramatic-cuts
Stephen Bannon,Donald J. Trump,1,White House Chief Strategist and Senior Advisor,General knowledge
Alex Shnaider,Donald J. Trump,1,"""Trump’s primary partner for his lucrative business in Canada,"" per Newsweek",http://www.newsweek.com/2016/09/23/donald-trump-foreign-business-deals-national-security-498081.html
Sergey I. Kislyak,Donald J. Trump,1,The Russian diplomat sat in on Trump foreign policy speech in April 2016,https://www.washingtonpost.com/politics/inside-trumps-financial-ties-to-russia-and-his-unusual-flattery-of-vladimir-putin/2016/06/17/dbdcaac8-31a6-11e6-8ff7-7b6c1998b7a0_story.html
Marc Short,Donald J. Trump,1,Director of legislative affairs,http://www.cnn.com/2017/01/04/politics/bill-stepien-chris-christie-donald-trump-white-house/
Jessica Ditto,Donald J. Trump,1,Deputy communications director,http://www.cnn.com/2017/01/04/politics/bill-stepien-chris-christie-donald-trump-white-house/
Andy Puzder,Donald J. Trump,1,Former nominee for Secretary of Labor,General knowledge
Marc Lotter,Donald J. Trump,1,Special assistant,https://www.documentcloud.org/documents/3535104-Lotter-Marc.html
Don Mcgahn,Donald J. Trump,1,White House Counsel,General knowledge
Cindy Simms,Donald J. Trump,1,Special assistant,https://www.documentcloud.org/documents/3534338-Simms-Cindy.html
Eric Trump,Donald J. Trump,1,Parent/child,General knowledge
Gerrit Lansing,Donald J. Trump,1,Former Chief Digital Officer,https://www.documentcloud.org/documents/3534042-Lansing-Gerrit.html | http://www.politico.com/blogs/donald-trump-administration/2017/02/gerrit-lansing-trump-digital-chief-ousted-235268
James Schultz,Donald J. Trump,1,Senior associate counsel,https://www.documentcloud.org/documents/3534346-Shultz-James.html
Stephen Munisteri,Donald J. Trump,1,Deputy assistant,https://www.documentcloud.org/documents/3534157-Munisteri-Stephen-P.html
Richard Lefrak,Donald J. Trump,1,"""one of Trump's few close friends in New York real estate,"" per New York Magazine and co-head of his new infrastructure council according to the Wall Street Journal",http://nymag.com/daily/intelligencer/2017/01/jared-kushner-trump-administration-power.html | https://www.wsj.com/articles/donald-trump-asks-richard-lefrak-steven-roth-to-monitor-infrastructure-plans-costs-1484591989
Steven Mnuchin,Donald J. Trump,1,Secretary of Treasury,General knowledge
Linda Bean,Donald J. Trump,1,Donor,http://www.nbcnews.com/business/business-news/l-l-bean-embroiled-spat-over-donation-trump-campaign-n706236
Mike Pence,Donald J. Trump,1,Vice President,General knowledge
Sebastian Gorka,Donald J. Trump,1,Deputy assistant,http://www.cnn.com/2017/02/07/politics/kfile-gorka-on-fake-news/index.html
Rupert Murdoch,Donald J. Trump,1,"""The president’s relationship with Mr. Murdoch is deeper and more enduring than most in his life, and the two commiserate and plot strategy in their phone calls, according to people close to both,"" according to the New York Times",https://www.nytimes.com/2017/04/22/us/politics/donald-trump-white-house.html?_r=1 | http://nymag.com/daily/intelligencer/2017/01/megyn-kellys-departure-is-clue-about-future-of-fox-news.html | http://mediamatters.org/blog/2017/01/04/how-donald-trump-could-make-rupert-murdoch-even-more-powerful/214924
Mary T. Barra,Donald J. Trump,1,Member of Trump's Strategic and Policy forum,http://fortune.com/2016/12/14/donald-trump-musk-kalanick-nooyi/
Rebekah Mercer,Donald J. Trump,1,Major donor,https://www.washingtonpost.com/politics/the-rise-of-gop-mega-donor-rebekah-mercer/2016/09/13/85ae3c32-79bf-11e6-beac-57a4a412e93a_story.html?utm_term=.b4e577d44785
Alexander Gray,Donald J. Trump,1,Special assistant,https://www.documentcloud.org/documents/3534083-Gray-Alexander.html
Robert A. Iger,Donald J. Trump,1,Member of Trump's Strategic and Policy forum,http://fortune.com/2016/12/14/donald-trump-musk-kalanick-nooyi/
Anthony Scaramucci,Donald J. Trump,1,Considered for senior adviser to the President position,https://mobile.nytimes.com/2017/02/01/us/politics/anthony-scaramucci-china-trump-administration.html
Gary Cohn,Donald J. Trump,1,Director United States National Economic Council,General knowledge
Maryanne Trump Barry,Donald J. Trump,1,Siblings,General knowledge
Keith Schiller,Donald J. Trump,1,Director of Oval Office operations,http://www.cnn.com/2017/01/04/politics/bill-stepien-chris-christie-donald-trump-white-house/
Peter Thiel,Donald J. Trump,1,Former transition team member,http://www.politico.com/story/2017/01/peter-thiel-no-job-trump-administration-233523
Sheri A. Dillon,Donald J. Trump,1,Conflicts of interest lawyer,https://www.nytimes.com/2017/01/11/us/politics/trump-press-conference-transcript.html
Carlos Diaz-rosillo,Donald J. Trump,1,Deputy assistant,https://www.documentcloud.org/documents/3534022-Diaz-Rosillo-Carlos.html
Brad Parscale,Donald J. Trump,1,Former digital director for Trump campaign,http://www.politico.com/story/2017/01/new-pro-trump-political-group-readies-for-launch-233263
Scott Gast,Donald J. Trump,1,Senior associate counsel,https://www.documentcloud.org/documents/3534078-Gast-Scott.html
John Destefano,Donald J. Trump,1,Director of presidential personnel,http://www.cnn.com/2017/01/04/politics/bill-stepien-chris-christie-donald-trump-white-house/
Nikki Haley,Donald J. Trump,1,Ambassador to the United Nations,General knowledge
Noel Francisco,Donald J. Trump,1,Principal Deputy Solicitor General,http://www.jonesday.com/jones-day-lawyers-tapped-for-federal-and-state-posts-01-20-2017/
Joseph Lai,Donald J. Trump,1,Special assistant,https://www.documentcloud.org/documents/3534041-Lai-Joseph.html
Andrew D. Koenig,Donald J. Trump,1,Special assistant,https://www.documentcloud.org/documents/3534057-Koenig-Andrew-D.html
Hope Hicks,Donald J. Trump,1,"Director of Strategic Communications, White House",https://www.documentcloud.org/documents/3534459-Hicks-Hope.html
David S. Cordish,Donald J. Trump,1,Friends,http://www.baltimoresun.com/news/maryland/politics/blog/bal-reed-cordish-to-join-trump-administration-20170105-story.html
David S. Cordish,Reed S. Cordish,1,Parent/child,http://www.baltimoresun.com/news/maryland/politics/blog/bal-reed-cordish-to-join-trump-administration-20170105-story.html
Cui Tiankai,Jared Kushner,1,"""Kushner and Cui have had an extensive ongoing dialogue that has been positive, according to a White House official,"" per Bloomberg",https://www.bloomberg.com/politics/articles/2017-02-07/china-courts-ivanka-jared-kushner-to-smooth-ties-with-trump
Jared Kushner,Rob Speyer,1,Gave Kushner $50 million to help by a property from his father's company-Tishman Speyer,http://nymag.com/realestate/features/53797/index5.html
Avram Lebor,Jared Kushner,1,Kushner hired him for his real estate company,https://www.bloomberg.com/news/features/2017-01-27/jared-kushner-s-felon-father-brought-two-fellow-inmates-into-company
Ryan Doherty,Jared Kushner,1,Friends,http://www.businessinsider.com/jared-kushner-trump-media-mogul-observer-2016-12
Nicole Kushner Meyer,Jared Kushner,1,Siblings,http://www.townandcountrymag.com/society/politics/news/a9244/charles-jared-kushner-family/
Ivanka Trump,Jared Kushner,1,Married,General knowledge
Joshua Kushner,Jared Kushner,1,Siblings,General knowledge
Margaret Chin,Jared Kushner,1,Donor,http://thevillager.com/2013/07/25/the-billionaires-back-margaret-chin-for-city-council/
Justin Weniger,Jared Kushner,1,Friends,http://www.businessinsider.com/jared-kushner-trump-media-mogul-observer-2016-12
Avrahm Berkowitz,Jared Kushner,1,Assistant,https://www.documentcloud.org/documents/3534232-Berkowitz-Avrahm-J.html
Asher Abehsera,Jared Kushner,1,Partnered with Kushner in Brooklyn projects,http://nymag.com/daily/intelligencer/2017/01/jared-kushner-trump-administration-power.html
Martin Sorrell,Jared Kushner,1,Friends,http://nymag.com/daily/intelligencer/2017/01/jared-kushner-trump-administration-power.html
Miles Berger,Jared Kushner,1,"""business partner of the Kushners,"" per New York Magazine",http://nymag.com/daily/intelligencer/2017/01/jared-kushner-trump-administration-power.html
Dara Orbach,Jared Kushner,1,Siblings,http://www.townandcountrymag.com/society/politics/news/a9244/charles-jared-kushner-family/
Charles Kushner,Jared Kushner,1,Parent/child,General knowledge
Richard Goettlich,Jared Kushner,1,Kushner hired him for his real estate company,https://www.bloomberg.com/news/features/2017-01-27/jared-kushner-s-felon-father-brought-two-fellow-inmates-into-company
Benjamin Netanyahu,Jared Kushner,1,"Longtime family friends, per Reuters",http://www.reuters.com/article/us-usa-trump-israel-scene-idUSKBN15U2PA
Strauss Zelnick,Jared Kushner,1,"""close with Kushner,"" per New York Magazine",http://nymag.com/daily/intelligencer/2017/01/jared-kushner-trump-administration-power.html
Charles G. Koch,David H. Koch,1,Siblings,http://www.forbes.com/profile/koch/
Charles G. Koch,Marc Short,1,"""the Koch brothers’ top political adviser in Washington and a trusted member of their inner circle for five years,"" per Politico",http://www.politico.com/story/2016/02/marc-short-marco-rubio-219664
Charles G. Koch,William I. Koch,1,Siblings,http://www.forbes.com/profile/koch/
David H. Koch,William I. Koch,1,Siblings,http://www.forbes.com/profile/koch/
Marc Short,David H. Koch,1,"""the Koch brothers’ top political adviser in Washington and a trusted member of their inner circle for five years,"" per Politico",http://www.politico.com/story/2016/02/marc-short-marco-rubio-219664
Mike Pence,Marc Short,1,"""Longtime aide,"" per CNN",http://www.cnn.com/2017/01/04/politics/bill-stepien-chris-christie-donald-trump-white-house/
Chloe Murdoch,Wendi Deng Murdoch,1,Parent/child,https://www.ft.com/content/a615f0ce-ed90-11e6-930f-061b01e23655
Chloe Murdoch,Rupert Murdoch,1,Parent/child,https://www.ft.com/content/a615f0ce-ed90-11e6-930f-061b01e23655
Chloe Murdoch,Ivanka Trump,1,Former trustee,https://www.ft.com/content/a615f0ce-ed90-11e6-930f-061b01e23655
Ivanka Trump,Mehmet Ali Yalcindag,1,Business partners,http://www.nytimes.com/2016/11/26/us/politics/donald-trump-international-business.html
Ivanka Trump,Grace Murdoch,1,Former trustee,https://www.ft.com/content/a615f0ce-ed90-11e6-930f-061b01e23655
Ivanka Trump,Andriy Zaika,1,"Met in 2006, when Zaika was head of the Ukrainian Construction Consortium",http://www.newsweek.com/2016/09/23/donald-trump-foreign-business-deals-national-security-498081.html
Paulo Figueiredo Filho,Ivanka Trump,1,"Lunched together, spawning Trump interest in Rio hotel",http://www.nytimes.com/2016/11/26/us/politics/donald-trump-international-business.html
Dina Powell,Ivanka Trump,1,"Ivanka Trump ""has been leaning on [Powell] ... as a top adviser on policy and staffing,"" per Politico",http://www.politico.com/story/2017/01/ivanka-trump-goldman-sachs-233234
Donald Trump Jr.,Ivanka Trump,1,Siblings,General knowledge
Viktor Tkachuk,Ivanka Trump,1,"Met in 2006, when Tkachuk was an adviser to the Ukrainian president",http://www.newsweek.com/2016/09/23/donald-trump-foreign-business-deals-national-security-498081.html
Wendi Deng Murdoch,Ivanka Trump,1,"""Close friend,"" according to the Guardian",https://www.theguardian.com/film/2016/oct/11/wendi-deng-murdoch-rupert-trump-sky-ladder-art-of-cai-guo-qiang
Felipe Yaryura,Ivanka Trump,1,The Argentine real estate developer is said to be friends with the Trump family,http://www.lanacion.com.ar/1955208-la-emocion-del-socio-argentino-de-trump
Eric Trump,Ivanka Trump,1,Siblings,General knowledge
Rupert Murdoch,Grace Murdoch,1,Parent/child,https://www.ft.com/content/a615f0ce-ed90-11e6-930f-061b01e23655
Wendi Deng Murdoch,Grace Murdoch,1,Parent/child,https://www.ft.com/content/a615f0ce-ed90-11e6-930f-061b01e23655
Brad Parscale,Alexander Nix,1,"Pascale says he hired Nix's company, Cambridge Analytica, to work on the campaign",https://www.washingtonpost.com/politics/trumps-plan-for-a-comeback-includes-building-a-psychographic-profile-of-every-voter/2016/10/27/9064a706-9611-11e6-9b7c-57290af48a49_story.html?utm_term=.ec091285ddc0
Stephen Vaden,Sonny Perdue,1,Special assistant to Secretary of Agriculture,http://www.jonesday.com/jones-day-lawyers-tapped-for-federal-and-state-posts-01-20-2017/
Serhiy Lyovochkin,Paul Manafort,1,Manafort ran PR for Lyovochkin's campaign,https://www.nytimes.com/2016/08/01/us/paul-manafort-ukraine-donald-trump.html
Paul Manafort,Dmitry Firtash,1,Worked together in bid for site of Drake Hotel in NYC,https://www.washingtonpost.com/politics/in-business-as-in-politics-trump-adviser-no-stranger-to-controversial-figures/2016/04/26/970db232-08c7-11e6-b283-e79d81c63c1b_story.html?utm_term=.de35331c8594
Paul Manafort,Rinat Akhmetov,1,Manafort worked to improve image of Akhmetov's companies,https://www.nytimes.com/2016/08/01/us/paul-manafort-ukraine-donald-trump.html
Paul Manafort,Viktor F. Yanukovych,1,Manafort ran PR for Yanukovych's campaign,https://www.nytimes.com/2016/08/01/us/paul-manafort-ukraine-donald-trump.html
Abdul Rahman Al-assir,Paul Manafort,1,Manafort secured a loan from al-Assir,https://www.washingtonpost.com/politics/in-business-as-in-politics-trump-adviser-no-stranger-to-controversial-figures/2016/04/26/970db232-08c7-11e6-b283-e79d81c63c1b_story.html?utm_term=.de35331c8594
Arthur G. Cohen,Paul Manafort,1,"""negotiated a deal to buy the site of the Drake Hotel on Park Avenue in Manhattan,"" per the New York Times",https://www.nytimes.com/2016/08/01/us/paul-manafort-ukraine-donald-trump.html
Dmytro Firtash,Paul Manafort,1,"Manafort and Firtash, ""an oligarch who made billions as a middleman for Gazprom,"" were partners in ""a deal to buy the site of the Drake Hotel on Park Avenue in Manhattan,"" per the New York Times",https://www.nytimes.com/2016/08/01/us/paul-manafort-ukraine-donald-trump.html
Maryanne Trump Barry,Kevin Marino,1,Marino served as Barry's law clerk,http://www.khmarino.com/attorney_bio_marino.html
Kevin Marino,Bill Stepien,1,Marino served as Stepien's attorney during the Bridgegate trial,http://www.politico.com/story/2017/01/bill-stepien-donald-trump-christie-233199
Anthony Scaramucci,Kirill Dmitriev,1,Met at Davos,https://www.bloomberg.com/politics/articles/2017-01-17/in-davos-trump-aide-talks-deals-with-sanctioned-kremlin-fund
Rebekah Mercer,Kellyanne Conway,1,"""They're close,"" per The Atlantic",https://www.theatlantic.com/politics/archive/2017/01/no-one-knows-what-the-powerful-mercers-really-want/514529/
Rebekah Mercer,Stephen Bannon,1,"""Tied at the hip,"" per a source to The Hill",http://thehill.com/homenews/campaign/291772-billionaire-father-and-daughter-linked-to-trump-shakeup
Rebekah Mercer,Sylvain Mirochnikoff,1,Married,https://www.washingtonpost.com/politics/the-rise-of-gop-mega-donor-rebekah-mercer/2016/09/13/85ae3c32-79bf-11e6-beac-57a4a412e93a_story.html?utm_term=.9cf5b5040519
Rebekah Mercer,Robert Mercer,1,Parent/child,https://www.washingtonpost.com/politics/the-rise-of-gop-mega-donor-rebekah-mercer/2016/09/13/85ae3c32-79bf-11e6-beac-57a4a412e93a_story.html?utm_term=.b4e577d44785
Robert Mercer,Nigel Farage,1,"""Close friends,"" per the Guardian",https://www.theguardian.com/politics/2017/mar/04/nigel-oakes-cambridge-analytica-what-role-brexit-trump
Patrick Caddell,Robert Mercer,1,"""At least as far back as 2013 [Caddell] has been a contractor for one of Trump’s biggest financial backers: Robert Mercer,"" per The New Yorker",http://www.newyorker.com/magazine/2017/03/27/the-reclusive-hedge-fund-tycoon-behind-the-trump-presidency
Stephen Bannon,Robert Mercer,1,"Bannon served as the Mercer family's ""political advisor,"" per the Washington Post",https://www.washingtonpost.com/graphics/politics/mercer-bannon/
Stephen Bannon,Patrick Caddell,1,"Bannon and Caddell have ""partnered on numerous projects,"" per The New Yorker",http://www.newyorker.com/magazine/2017/03/27/the-reclusive-hedge-fund-tycoon-behind-the-trump-presidency
Stephen Bannon,Kellyanne Conway,1,"Conway is ""buddies"" with Bannon, per Elle",http://www.elle.com/culture/career-politics/a43112/kellyanne-conway-profile/
Stephen Bannon,Julia Hahn,1,"""Hahn is a protégée of Stephen Bannon,"" per The New Yorker",http://www.newyorker.com/magazine/2017/02/13/becoming-steve-bannons-bannon
Stephen Bannon,Jennifer Mercer,1,"Bannon served as the Mercer family's ""political advisor,"" per the Washington Post",https://www.washingtonpost.com/graphics/politics/mercer-bannon/
Stephen Bannon,Erik Prince,1,"""Prince has a close relationship with Breitbart News and Steve Bannon,"" per The Intercept",https://theintercept.com/2017/01/17/notorious-mercenary-erik-prince-is-advising-trump-from-the-shadows/
Eric Holcomb,Kellyanne Conway,1,Conway provided consulting services to Holcomb,https://www.documentcloud.org/documents/3534450-Conway-Kellyanne.html
George T. Conway Iii,Kellyanne Conway,1,Married,General knowledge
Rudy Giuliani,Ken Kurson,1,Worked on 2008 presidential campaign,http://nymag.com/daily/intelligencer/2017/01/jared-kushner-trump-administration-power.html
Rudy Giuliani,Wilbur Ross,1,Privatization advisor when Giuliani was mayor,http://www.salon.com/2016/11/21/wilbur-ross-jr-rumored-to-be-donald-trumps-choice-for-commerce-secretary-owned-a-mine-where-12-miners-died-in-2006_partner/
Wilbur Ross,James Uthmeier,1,Special advisor,http://www.jonesday.com/jones-day-lawyers-tapped-for-federal-and-state-posts-01-20-2017/
Alan Hammer,Charles Kushner,1,"""has long worked with"" Kushner, per New York Magazine",http://nymag.com/daily/intelligencer/2017/01/jared-kushner-trump-administration-power.html
Charles Kushner,Dara Orbach,1,Parent/child,http://www.townandcountrymag.com/society/politics/news/a9244/charles-jared-kushner-family/
Charles Kushner,Murray Kushner,1,Siblings,http://nymag.com/daily/intelligencer/2017/01/jared-kushner-trump-administration-power.html
Charles Kushner,Jim Mcgreevey,1,"""the financial force"" behind the former governor's campaign, per New York Magazine",http://nymag.com/daily/intelligencer/2017/01/jared-kushner-trump-administration-power.html
Charles Kushner,Joshua Kushner,1,Parent/child,General knowledge
Charles Kushner,Nicole Kushner Meyer,1,Parent/child,http://www.townandcountrymag.com/society/politics/news/a9244/charles-jared-kushner-family/
Charles Kushner,Seryl Kushner,1,Married,http://www.townandcountrymag.com/society/politics/news/a9244/charles-jared-kushner-family/
Charles Kushner,Esther Kushner,1,Siblings,http://nymag.com/daily/intelligencer/2017/01/jared-kushner-trump-administration-power.html
Benjamin Netanyahu,Charles Kushner,1,"Longtime family friends, per Reuters",http://www.reuters.com/article/us-usa-trump-israel-scene-idUSKBN15U2PA
Sally Priebus,Reince Priebus,1,Married,General knowledge
Reince Priebus,Katie Walsh,1,Former deputy chief of staff,http://www.cnn.com/2017/01/04/politics/bill-stepien-chris-christie-donald-trump-white-house/ | http://www.politico.com/story/2017/03/trump-deputy-chief-of-staff-katie-walsh-moving-to-outside-political-groups-236706
Reince Priebus,Mallory Hunter,1,Executive assistant,https://www.documentcloud.org/documents/3534136-Hunter-Mallory.html
Sean Cairncross,Reince Priebus,1,Senior advisor,http://www.politico.com/story/2017/01/trump-transition-white-house-hires-233863
Scott Walker,Andrew Bremberg,1,Policy director for Walker's campaign,http://www.modernhealthcare.com/article/20161111/NEWS/161119989?utm_source=modernhealthcare&utm_medium=email&utm_content=20161111-NEWS-161119989&utm_campaign=mh-alert
Mike Ferguson,Andrew Bremberg,1,"Bremberg ""is a lifelong friend"" of Ferguson, a former U.S. House representative, per Stat",https://www.statnews.com/2016/11/15/trump-influencers-health-care/
Mitch Mcconnell,Andrew Bremberg,1,Policy advisor and counsel on nominations,https://www.linkedin.com/in/andrew-bremberg-7170938
Julian Assange,"Roger J. Stone, Jr.",1,"Stone told the Guardian that he and Assange have a ""mutual friend"" who served as a backchannel for advance notice of WikiLeaks' Clinton-related releases",https://www.theguardian.com/us-news/2016/nov/02/trump-adviser-clinton-emails-wikileaks-roger-stone
Albert Ross Sr.,Omarosé Onee Manigault,1,Mentored by,http://www.omarosa.com/#
Omarosé Onee Manigault,H. B. Hicks,1,Mentored by,http://www.omarosa.com/#
"Richard Marvin ""dick"" Devos Jr.",Betsy Devos,1,Married,General knowledge
Betsy Devos,Erik Prince,1,Siblings,https://theintercept.com/2017/01/17/notorious-mercenary-erik-prince-is-advising-trump-from-the-shadows/
Betsy Devos,Richard Devos,1,Parent/child,General knowledge
Mike Pence,John Gray,1,Gray worked for Pence,http://thehill.com/policy/finance/314991-trump-team-prepares-dramatic-cuts
Mike Pence,Jen Pavlik,1,Deputy chief of staff,http://www.cnn.com/2017/01/04/politics/bill-stepien-chris-christie-donald-trump-white-house/
Mike Pence,Thomas E. Wheeler,1,Wheeler worked for Pence,http://www.motherjones.com/politics/2017/02/justice-department-thomas-wheeler-presentations
Mike Pence,Russ Vought,1,Former aide,http://thehill.com/policy/finance/314991-trump-team-prepares-dramatic-cuts
Mike Pence,Ryan Jarmula,1,"Jarmula ""served as a member of [Pence's] staff for a number of years,"" per the transition team",https://greatagain.gov/policy-team-32afa7145773
Mike Pence,Nick Ayers,1,"Ayers is ""one of [Pence's] top political advsiors,"" per Politico",http://www.politico.com/story/2017/01/new-pro-trump-political-group-readies-for-launch-233263
Mike Pence,Sarah Makin,1,Director of public engagement and intergovernmental affairs,https://www.documentcloud.org/documents/3535103-Makin-Sarah.html
Mike Pence,Marty Obst,1,"Obst is a ""top Pence aide,"" per Politico",http://www.politico.com/story/2017/01/new-pro-trump-political-group-readies-for-launch-233263
Mike Pence,Josh Pitcock,1,Chief of staff,http://www.cnn.com/2017/01/04/politics/bill-stepien-chris-christie-donald-trump-white-house/
Mike Pence,Jarrod P. Agen,1,Director of communications,https://www.documentcloud.org/documents/3534451-Agen-Jarrod.html
Mike Pence,Marc Lotter,1,Press secretary,https://www.documentcloud.org/documents/3535104-Lotter-Marc.html
Jarrod P. Agen,Rick Snyder,1,Former chief of staff,https://www.documentcloud.org/documents/3534451-Agen-Jarrod.html
Thomas E. Wheeler,Jeff Sessions,1,Sessions appointed Wheeler to Deputy Assistant Attorney General. Wheeler was also appointed head of the DOJ's Civil Rights Division as an Acting Assistant Attorney General.,https://www.nytimes.com/2017/02/28/magazine/jeff-sessions-stephen-bannon-justice-department.html?_r=0 | https://www.buzzfeed.com/zoetillman/heres-who-is-running-the-justice-department-right-now | https://www.justice.gov/crt
Steven Mnuchin,George Soros,1,Mnuchin worked for Soros' fund,http://www.vanityfair.com/news/2016/11/george-soros-declares-war-on-trump
Steven Mnuchin,Edward Lampert,1,Former college roommates; Mnuchin has a position in an entity connected to Lampert,https://www.washingtonpost.com/news/wonk/wp/2017/01/19/treasury-nominee-initially-omitted-more-than-100-million-from-disclosures-democratic-memo-shows/?postshare=3221484835948504&tid=ss_tw&utm_term=.e7b4eb5ed0a8
Eric Trump,Felipe Yaryura,1,The Argentine real estate developer is said to be friends with the Trump family; Yaryura and Eric Trump were photographed together at Trump's election night party,http://www.lanacion.com.ar/1955208-la-emocion-del-socio-argentino-de-trump
Eric Trump,Donald Trump Jr.,1,Siblings,General knowledge
Donald Trump Jr.,Jason D. Greenblatt,1,Business partners,Nexis
Donald Trump Jr.,Vanessa Trump,1,Married,General knowledge
Donald Trump Jr.,Bonnie Haydon,1,Father-in-law/son-in-law,Nexis — NYT 11/19/2006
Donald Trump Jr.,Russell Flicker,1,Business partners,Nexis
Donald Trump Jr.,Andriy Zaika,1,"Met in 2006, when Zaika was head of the Ukrainian Construction Consortium",http://www.newsweek.com/2016/09/23/donald-trump-foreign-business-deals-national-security-498081.html
Viktor Tkachuk,Donald Trump Jr.,1,"Met in 2006, when Tkachuk was an adviser to the Ukrainian president",http://www.newsweek.com/2016/09/23/donald-trump-foreign-business-deals-national-security-498081.html
Felipe Yaryura,Donald Trump Jr.,1,The Argentine real estate developer is said to be friends with the Trump family,http://www.lanacion.com.ar/1955208-la-emocion-del-socio-argentino-de-trump
Bernard R. Diamond,Donald Trump Jr.,1,Business partners,Nexis
Don Mcgahn,Aaron Schock,1,McGahn provided legal services for Schock,https://www.documentcloud.org/documents/3535093-McGahn-Donald-F.html
Don Mcgahn,David Morrell,1,Associate Counsel to the President,http://www.jonesday.com/jones-day-lawyers-tapped-for-federal-and-state-posts-01-20-2017/
Don Mcgahn,Greg Katsas,1,Deputy Counsel to the President,http://www.jonesday.com/jones-day-lawyers-tapped-for-federal-and-state-posts-01-20-2017/
Don Mcgahn,Annie Donaldson,1,"Special Counsel to the President, Chief of Staff to the White House Counsel",http://www.jonesday.com/jones-day-lawyers-tapped-for-federal-and-state-posts-01-20-2017/
Don Mcgahn,Shannon Mcgahn,1,Married,General knowledge
Don Mcgahn,Blake Delaplane,1,Special assistant to the White House Counsel,http://www.jonesday.com/jones-day-lawyers-tapped-for-federal-and-state-posts-01-20-2017/
Don Mcgahn,James Burnham,1,Senior associate counsel,http://www.jonesday.com/jones-day-lawyers-tapped-for-federal-and-state-posts-01-20-2017/
Annie Donaldson,Aaron Schock,1,Provided legal services for,https://www.documentcloud.org/documents/3534049-Donaldson-Ann.html
Andy Puzder,William P. Foley,1,"Worked together on deal to turn around debts of Carl's Jr. founder, which was a major success in Puzder's career",http://www.insidesources.com/meet-the-fast-food-ceo-trump-picked-as-labor-secretary/
Harold G. Hamm,Scott Pruitt,1,"Hamm, chief executive of Continental Energy, was Pruitt's 2013 re-election co-chair",http://www.cnbc.com/2016/12/08/scott-pruitt-is-great-pick-to-lead-epa-says-pruitt-ally-harold-hamm.html
Jessica Ditto,Matthew Griswold Bevin,1,Ditto was the communications director for Bevin's office,https://www.documentcloud.org/documents/3534035-Ditto-Jessica.html
Catherine Bray Griffith,Wells Griffith,1,Married,https://www.theguardian.com/commentisfree/2017/feb/02/corporate-dark-money-power-atlantic-lobbyists-brexit
Christine Chao,Elaine Chao,1,Siblings,https://www.propublica.org/article/familys-shipping-company-could-pose-problems-for-trumps-transportation-pick
Christine Chao,James S.C. Chao,1,Parent/child,https://www.propublica.org/article/familys-shipping-company-could-pose-problems-for-trumps-transportation-pick
James S.C. Chao,Elaine Chao,1,Parent/child,https://www.propublica.org/article/familys-shipping-company-could-pose-problems-for-trumps-transportation-pick
James S.C. Chao,Angela Chao,1,Parent/child,https://www.propublica.org/article/familys-shipping-company-could-pose-problems-for-trumps-transportation-pick
Elaine Chao,Angela Chao,1,Siblings,https://www.propublica.org/article/familys-shipping-company-could-pose-problems-for-trumps-transportation-pick
Mitch Mcconnell,Elaine Chao,1,Married,http://elainelchao.com/biography/
Julia Hahn,Stephen Miller,1,"Miller sent tips to Hahn, a Breitbart reporter",http://www.politico.com/magazine/story/2016/06/stephen-miller-donald-trump-2016-policy-adviser-jeff-sessions-213992
Yury Zaytsev,Sergei Millian,1,Went on trip to Moscow together in 2011,https://www.ft.com/content/ea52a678-9cfb-11e6-8324-be63473ce146
Sergei Millian,Vladimir Putin,1,Putin awarded Millian a prize in Jan. 2015 for developing ties between Russia and American businesspeople,https://www.ft.com/content/ea52a678-9cfb-11e6-8324-be63473ce146
Jack Weisselberg,Allen Weisselberg,1,Parent/child,https://www.nytimes.com/2016/05/24/business/dealbook/donald-trump-relationship-bankers.html?_r=0
Xi Jinping,Terry Branstad,1,"Brandstad and the Chinese president have a ""friendship dating back to 1985,"" per Bloomberg Politics",https://www.bloomberg.com/politics/articles/2016-12-07/trump-said-to-pick-iowa-governor-branstad-as-china-ambassador
John Gore,Jeff Sessions,1,Deputy assistant AG for Civil Rights,http://www.jonesday.com/jones-day-lawyers-tapped-for-federal-and-state-posts-01-20-2017/
Jeff Sessions,Ajit Pai,1,Former deputy chief counsel,https://www.fcc.gov/about/leadership/ajit-pai
Stephen Miller,Jeff Sessions,1,Former chief of communications,http://www.politico.com/magazine/story/2016/06/stephen-miller-donald-trump-2016-policy-adviser-jeff-sessions-213992
Garrett Murch,Jeff Sessions,1,Former communications advisor,http://www.politico.com/magazine/story/2016/06/stephen-miller-donald-trump-2016-policy-adviser-jeff-sessions-213992 | https://www.linkedin.com/in/garrett-murch-9800b928
Michael Murray,Jeff Sessions,1,Counsel to the Deputy Attorney General,http://www.jonesday.com/jones-day-lawyers-tapped-for-federal-and-state-posts-01-20-2017/
Rick Dearborn,Jeff Sessions,1,Former chief of staff,http://www.cnn.com/2017/01/04/politics/bill-stepien-chris-christie-donald-trump-white-house/
John Kyl,Jeff Sessions,1,"Kyl was Sessions's ""sherpa"" for confirmation hearings",http://www.azcentral.com/story/news/politics/azdc/2017/01/13/jon-kyl-helping-jeff-sessions-confirmation-hearing-attorney-general/96558516/
Seryl Kushner,Nicole Kushner Meyer,1,Parent/child,http://www.townandcountrymag.com/society/politics/news/a9244/charles-jared-kushner-family/
Dara Orbach,Seryl Kushner,1,Parent/child,http://www.townandcountrymag.com/society/politics/news/a9244/charles-jared-kushner-family/
Joshua Kushner,Nicole Kushner Meyer,1,Siblings,http://www.townandcountrymag.com/society/politics/news/a9244/charles-jared-kushner-family/
Dara Orbach,Nicole Kushner Meyer,1,Siblings,http://www.townandcountrymag.com/society/politics/news/a9244/charles-jared-kushner-family/
Joseph Meyer,Nicole Kushner Meyer,1,Married,http://nymag.com/daily/intelligencer/2013/01/jared-kushner-names-brother-in-law-observer-ceo.html
Dara Orbach,Joshua Kushner,1,Siblings,http://www.townandcountrymag.com/society/politics/news/a9244/charles-jared-kushner-family/
Bob Dole,Robert Lighthizer,1,Lighthizer was Dole's campaign treasurer in 1996,http://www.pbs.org/newshour/rundown/trump-nominates-robert-lighthizer-u-s-trade-representative/
Ben Carson,Barry Bennett,1,Bennet was Carson's presidential campaign manager,https://www.washingtonpost.com/news/post-politics/wp/2016/01/22/former-carson-campaign-manager-barry-bennett-is-quietly-advising-trumps-top-aides/?utm_term=.795d808dc8d2
Pam Mulvaney,Mick Mulvaney,1,Married,http://www.usnews.com/news/articles/2011/02/22/10-things-you-didnt-know-about-mick-mulvaney
Mitch Mcconnell,W.E.“ed” Bosarge,1,Major campaign donor,http://www.politico.com/tipsheets/prescription-pulse/2016/05/new-legislation-on-stem-cells-raises-alarm-214069
Madeleine Westerhout,Rhona Graff Riccio,1,"Riccio helped train Westerhout, per the New York Times",https://www.nytimes.com/2017/03/27/us/rhona-graff-donald-trump.html?_r=0
Rhona Graff Riccio,Lucius Joseph Riccio,1,Married,General knowledge
Rick Perry,Peter Holt,1,"Perry consulted for Holt, after governorship to which Holt gave money",https://www.texastribune.org/2015/07/10/perry-consulting-big-donor-disclosures/
Rick Perry,Anita Thigpen Perry,1,Married,http://thehill.com/policy/healthcare/182135-perrys-addition-to-the-white-house-his-wife-health-advocate-anita-perry
Nicolas Sarkozy,Thomas J. Barrack Jr.,1,Sarkozy awarded France's Chevalier de la Légion d'Honneur to Barrack,http://colonyinc.com/about#fulltext4
Yousef Al-otaiba,Thomas J. Barrack Jr.,1,"""Friend"" per the New York Times",https://www.nytimes.com/2017/02/11/us/politics/jared-kushner-israel.html?smid=tw-nytimesworld&smtyp=cur&_r=1
Aydin Dogan,Mehmet Ali Yalcindag,1,Father-in-law/son-in-law,http://www.hurriyetdailynews.com/a-major-shake-up-at-dogan-media.aspx?PageID=238&NID=104450&NewsCatID=345
Vladimir Putin,Alexander Novak,1,Energy minister,https://www.washingtonpost.com/news/josh-rogin/wp/2016/12/13/inside-rex-tillersons-long-romance-with-russia/?utm_term=.37f238834d71
Igor Sechin,Vladimir Putin,1,Former deputy prime minister,https://www.ft.com/content/a8f24922-cef4-11e3-9165-00144feabdc0
Rex Tillerson,Vladimir Putin,1,"In 2012, Putin awarded Order of Friendship to Tillerson",http://www.politico.com/magazine/story/2016/12/rex-tillerson-exxon-putin-russia-ties-friend-214515
Lev Leviev,Vladimir Putin,1,"Described him as a ""true friend""",http://www.nytimes.com/2007/09/16/magazine/16Leviev-t.html
Sergey Kislyak,Michael Flynn,1,"""in frequent contact,"" per Jan. 13, 2017 Associated Press article",http://bigstory.ap.org/article/ba462d64c12d4692b8381cb7076d34ab/ap-source-trump-aide-frequent-contact-russia-envoy
Rex Tillerson,Alexander Novak,1,"""Tillerson lowered his profile in Russia but continued to meet with non-sanctioned high-level Russian officials in Moscow, including Russian Energy Minister Alexander Novak,"" per the Washington Post",https://www.washingtonpost.com/news/josh-rogin/wp/2016/12/13/inside-rex-tillersons-long-romance-with-russia/?utm_term=.37f238834d71
Rex Tillerson,Igor Sechin,1,"""Tillerson, the CEO of ExxonMobil, has a close and personal relationship with Sechin dating back over a decade,"" per the Washington Post",https://www.washingtonpost.com/news/josh-rogin/wp/2016/12/13/inside-rex-tillersons-long-romance-with-russia/?utm_term=.37f238834d71
Aras Agalarov,Emin Agalarov,1,Parent/child,https://www.washingtonpost.com/politics/inside-trumps-financial-ties-to-russia-and-his-unusual-flattery-of-vladimir-putin/2016/06/17/dbdcaac8-31a6-11e6-8ff7-7b6c1998b7a0_story.html?utm_term=.0cb035ebfc6b
Chris Christie,Bill Stepien,1,Former deputy chief of staff,http://www.politico.com/story/2017/01/bill-stepien-donald-trump-christie-233199
Chris Christie,David Wildstein,1,"Christie and Wildstein went to high school together, and Christie appointed Wildstein to a director position at the Port Authority",http://nymag.com/daily/intelligencer/2016/09/david-wildstein-chris-christie-bridgegate-trial.html
Stephen B. Meister,Jason D. Meister,1,Parent/child,https://therealdeal.com/issues_articles/whos-jumping-ship/
Stephen Miller,Sam Nunberg,1,Friends,http://www.politico.com/magazine/story/2016/06/stephen-miller-donald-trump-2016-policy-adviser-jeff-sessions-213992
Susan Pompeo,Michael Pompeo,1,Married,http://pompeo.house.gov/biography/
David Horowitz,Stephen Miller,1,"""Miller considers Horowitz a mentor,"" per Politico",http://www.politico.com/magazine/story/2016/06/stephen-miller-donald-trump-2016-policy-adviser-jeff-sessions-213992
Caroline May,Stephen Miller,1,"Miller sent tips to May, a Breitbart reporter",http://www.politico.com/magazine/story/2016/06/stephen-miller-donald-trump-2016-policy-adviser-jeff-sessions-213992
Tucker Carlson,Stephen Miller,1,Miller set up meeting between Carlson and Sessions,http://www.politico.com/magazine/story/2016/06/stephen-miller-donald-trump-2016-policy-adviser-jeff-sessions-213992
Michelle Bachmann,Stephen Miller,1,Worked for her,http://www.politico.com/magazine/story/2016/06/stephen-miller-donald-trump-2016-policy-adviser-jeff-sessions-213992
Melania Trump,Lindsey Reynolds,1,Chief of staff,http://www.politico.com/story/2017/02/donald-trump-challenges-governing-presidency-234879
Stephanie Winston Wolkoff,Melania Trump,1,Senior adviser,http://www.politico.com/story/2017/02/donald-trump-challenges-governing-presidency-234879
Sam Brownback,Ajit Pai,1,Former chief counsel,https://www.fcc.gov/about/leadership/ajit-pai
