Source,Target,Type,Id,Label,timeset,Weight,d2,d1
PAUL TELLER,DONALD J. TRUMP,Undirected,6,,,1,https://www.documentcloud.org/documents/3534342-Teller-Paul.html,Special assistant
DAVID S. CORDISH,REED S. CORDISH,Undirected,18,,,1,http://www.baltimoresun.com/news/maryland/politics/blog/bal-reed-cordish-to-join-trump-administration-20170105-story.html,Parent/child
DAVID S. CORDISH,DONALD J. TRUMP,Undirected,19,,,1,http://www.baltimoresun.com/news/maryland/politics/blog/bal-reed-cordish-to-join-trump-administration-20170105-story.html,Friends
CUI TIANKAI,JARED KUSHNER,Undirected,109,,,1,https://www.bloomberg.com/politics/articles/2017-02-07/china-courts-ivanka-jared-kushner-to-smooth-ties-with-trump,"""Kushner and Cui have had an extensive ongoing dialogue that has been positive, according to a White House official,"" per Bloomberg"
HOPE HICKS,DONALD J. TRUMP,Undirected,130,,,1,https://www.documentcloud.org/documents/3534459-Hicks-Hope.html,"Director of Strategic Communications, White House"
ANDREW D. KOENIG,DONALD J. TRUMP,Undirected,134,,,1,https://www.documentcloud.org/documents/3534057-Koenig-Andrew-D.html,Special assistant
JOSEPH LAI,DONALD J. TRUMP,Undirected,139,,,1,https://www.documentcloud.org/documents/3534041-Lai-Joseph.html,Special assistant
NOEL FRANCISCO,DONALD J. TRUMP,Undirected,179,,,1,http://www.jonesday.com/jones-day-lawyers-tapped-for-federal-and-state-posts-01-20-2017/,Principal Deputy Solicitor General
CHARLES G. KOCH,WILLIAM I. KOCH,Undirected,197,,,1,http://www.forbes.com/profile/koch/,Siblings
CHARLES G. KOCH,MARC SHORT,Undirected,198,,,1,http://www.politico.com/story/2016/02/marc-short-marco-rubio-219664,"""the Koch brothers’ top political adviser in Washington and a trusted member of their inner circle for five years,"" per Politico"
CHARLES G. KOCH,DAVID H. KOCH,Undirected,199,,,1,http://www.forbes.com/profile/koch/,Siblings
NIKKI HALEY,DONALD J. TRUMP,Undirected,221,,,1,General knowledge,Ambassador to the United Nations
JOHN DESTEFANO,DONALD J. TRUMP,Undirected,247,,,1,http://www.cnn.com/2017/01/04/politics/bill-stepien-chris-christie-donald-trump-white-house/,Director of presidential personnel
CHLOE MURDOCH,IVANKA TRUMP,Undirected,258,,,1,https://www.ft.com/content/a615f0ce-ed90-11e6-930f-061b01e23655,Former trustee
CHLOE MURDOCH,RUPERT MURDOCH,Undirected,259,,,1,https://www.ft.com/content/a615f0ce-ed90-11e6-930f-061b01e23655,Parent/child
CHLOE MURDOCH,WENDI DENG MURDOCH,Undirected,260,,,1,https://www.ft.com/content/a615f0ce-ed90-11e6-930f-061b01e23655,Parent/child
SCOTT GAST,DONALD J. TRUMP,Undirected,295,,,1,https://www.documentcloud.org/documents/3534078-Gast-Scott.html,Senior associate counsel
BENY STEINMETZ,DANIEL STEINMETZ,Undirected,330,,,1,https://www.bloomberg.com/news/articles/2017-04-26/kushners-are-partners-with-one-of-israel-s-wealthiest-families,Siblings
BRAD PARSCALE,ALEXANDER NIX,Undirected,345,,,1,https://www.washingtonpost.com/politics/trumps-plan-for-a-comeback-includes-building-a-psychographic-profile-of-every-voter/2016/10/27/9064a706-9611-11e6-9b7c-57290af48a49_story.html?utm_term=.ec091285ddc0,"Pascale says he hired Nix's company, Cambridge Analytica, to work on the campaign"
BRAD PARSCALE,DONALD J. TRUMP,Undirected,346,,,1,http://www.politico.com/story/2017/01/new-pro-trump-political-group-readies-for-launch-233263,Former digital director for Trump campaign
STEPHEN VADEN,SONNY PERDUE,Undirected,349,,,1,http://www.jonesday.com/jones-day-lawyers-tapped-for-federal-and-state-posts-01-20-2017/,Special assistant to Secretary of Agriculture
CARLOS DIAZ-ROSILLO,DONALD J. TRUMP,Undirected,353,,,1,https://www.documentcloud.org/documents/3534022-Diaz-Rosillo-Carlos.html,Deputy assistant
SHERI A. DILLON,DONALD J. TRUMP,Undirected,359,,,1,https://www.nytimes.com/2017/01/11/us/politics/trump-press-conference-transcript.html,Conflicts of interest lawyer
PETER THIEL,DONALD J. TRUMP,Undirected,362,,,1,http://www.politico.com/story/2017/01/peter-thiel-no-job-trump-administration-233523,Former transition team member
KEITH SCHILLER,DONALD J. TRUMP,Undirected,380,,,1,http://www.cnn.com/2017/01/04/politics/bill-stepien-chris-christie-donald-trump-white-house/,Director of Oval Office operations
SERHIY LYOVOCHKIN,PAUL MANAFORT,Undirected,395,,,1,https://www.nytimes.com/2016/08/01/us/paul-manafort-ukraine-donald-trump.html,Manafort ran PR for Lyovochkin's campaign
MARYANNE TRUMP BARRY,KEVIN MARINO,Undirected,406,,,1,http://www.khmarino.com/attorney_bio_marino.html,Marino served as Barry's law clerk
MARYANNE TRUMP BARRY,DONALD J. TRUMP,Undirected,407,,,1,General knowledge,Siblings
ZIYA MAMMADOV,ANAR MAMMADOV,Undirected,438,,,1,https://www.meydan.tv/en/site/politics/13787/,Parent/child
ZIYA MAMMADOV,ELTON MAMMADOV,Undirected,439,,,1,http://www.newyorker.com/magazine/2017/03/13/donald-trumps-worst-deal,Parent/child
GARY COHN,DONALD J. TRUMP,Undirected,445,,,1,General knowledge,Director United States National Economic Council
ANTHONY SCARAMUCCI,DONALD J. TRUMP,Undirected,467,,,1,https://mobile.nytimes.com/2017/02/01/us/politics/anthony-scaramucci-china-trump-administration.html,Considered for senior adviser to the President position
ANTHONY SCARAMUCCI,KIRILL DMITRIEV,Undirected,468,,,1,https://www.bloomberg.com/politics/articles/2017-01-17/in-davos-trump-aide-talks-deals-with-sanctioned-kremlin-fund,Met at Davos
ROBERT A. IGER,DONALD J. TRUMP,Undirected,472,,,1,http://fortune.com/2016/12/14/donald-trump-musk-kalanick-nooyi/,Member of Trump's Strategic and Policy forum
ALEXANDER GRAY,DONALD J. TRUMP,Undirected,478,,,1,https://www.documentcloud.org/documents/3534083-Gray-Alexander.html,Special assistant
REBEKAH MERCER,ROBERT MERCER,Undirected,495,,,1,https://www.washingtonpost.com/politics/the-rise-of-gop-mega-donor-rebekah-mercer/2016/09/13/85ae3c32-79bf-11e6-beac-57a4a412e93a_story.html?utm_term=.b4e577d44785,Parent/child
REBEKAH MERCER,DONALD J. TRUMP,Undirected,496,,,1,https://www.washingtonpost.com/politics/the-rise-of-gop-mega-donor-rebekah-mercer/2016/09/13/85ae3c32-79bf-11e6-beac-57a4a412e93a_story.html?utm_term=.b4e577d44785,Major donor
REBEKAH MERCER,SYLVAIN MIROCHNIKOFF,Undirected,497,,,1,https://www.washingtonpost.com/politics/the-rise-of-gop-mega-donor-rebekah-mercer/2016/09/13/85ae3c32-79bf-11e6-beac-57a4a412e93a_story.html?utm_term=.9cf5b5040519,Married
REBEKAH MERCER,STEPHEN BANNON,Undirected,504,,,1,http://thehill.com/homenews/campaign/291772-billionaire-father-and-daughter-linked-to-trump-shakeup,"""Tied at the hip,"" per a source to The Hill"
REBEKAH MERCER,KELLYANNE CONWAY,Undirected,506,,,1,https://www.theatlantic.com/politics/archive/2017/01/no-one-knows-what-the-powerful-mercers-really-want/514529/,"""They're close,"" per The Atlantic"
RUDY GIULIANI,WILBUR ROSS,Undirected,512,,,1,http://www.salon.com/2016/11/21/wilbur-ross-jr-rumored-to-be-donald-trumps-choice-for-commerce-secretary-owned-a-mine-where-12-miners-died-in-2006_partner/,Privatization advisor when Giuliani was mayor
RUDY GIULIANI,KEN KURSON,Undirected,514,,,1,http://nymag.com/daily/intelligencer/2017/01/jared-kushner-trump-administration-power.html,Worked on 2008 presidential campaign
ALAN HAMMER,CHARLES KUSHNER,Undirected,520,,,1,http://nymag.com/daily/intelligencer/2017/01/jared-kushner-trump-administration-power.html,"""has long worked with"" Kushner, per New York Magazine"
MARY T. BARRA,DONALD J. TRUMP,Undirected,532,,,1,http://fortune.com/2016/12/14/donald-trump-musk-kalanick-nooyi/,Member of Trump's Strategic and Policy forum
RUPERT MURDOCH,GRACE MURDOCH,Undirected,546,,,1,https://www.ft.com/content/a615f0ce-ed90-11e6-930f-061b01e23655,Parent/child
RUPERT MURDOCH,DONALD J. TRUMP,Undirected,547,,,1,https://www.nytimes.com/2017/04/22/us/politics/donald-trump-white-house.html?_r=1 | http://nymag.com/daily/intelligencer/2017/01/megyn-kellys-departure-is-clue-about-future-of-fox-news.html | http://mediamatters.org/blog/2017/01/04/how-donald-trump-could-make-rupert-murdoch-even-more-powerful/214924,"""The president’s relationship with Mr. Murdoch is deeper and more enduring than most in his life, and the two commiserate and plot strategy in their phone calls, according to people close to both,"" according to the New York Times"
SALLY PRIEBUS,REINCE PRIEBUS,Undirected,549,,,1,General knowledge,Married
SCOTT WALKER,ANDREW BREMBERG,Undirected,564,,,1,http://www.modernhealthcare.com/article/20161111/NEWS/161119989?utm_source=modernhealthcare&utm_medium=email&utm_content=20161111-NEWS-161119989&utm_campaign=mh-alert,Policy director for Walker's campaign
ZHUO RAN,WU XIAOHUI,Undirected,565,,,1,https://www.nytimes.com/2017/01/07/us/politics/jared-kushner-trump-business.html,"Married. (Zhuo is the granddaughter of Deng Xiaoping, the former leader of the People's Republic of China. Wu is the chairman of the Anbang Insurance Group, which has been in business discussions with the Kushners.)"
JULIAN ASSANGE,"ROGER J. STONE, JR.",Undirected,582,,,1,https://www.theguardian.com/us-news/2016/nov/02/trump-adviser-clinton-emails-wikileaks-roger-stone,"Stone told the Guardian that he and Assange have a ""mutual friend"" who served as a backchannel for advance notice of WikiLeaks' Clinton-related releases"
ALBERT ROSS SR.,OMAROSÉ ONEE MANIGAULT,Undirected,614,,,1,http://www.omarosa.com/#,Mentored by
SEBASTIAN GORKA,DONALD J. TRUMP,Undirected,622,,,1,http://www.cnn.com/2017/02/07/politics/kfile-gorka-on-fake-news/index.html,Deputy assistant
"RICHARD MARVIN ""DICK"" DEVOS JR.",BETSY DEVOS,Undirected,639,,,1,General knowledge,Married
MIKE PENCE,MARC LOTTER,Undirected,648,,,1,https://www.documentcloud.org/documents/3535104-Lotter-Marc.html,Press secretary
MIKE PENCE,JARROD P. AGEN,Undirected,649,,,1,https://www.documentcloud.org/documents/3534451-Agen-Jarrod.html,Director of communications
MIKE PENCE,DONALD J. TRUMP,Undirected,650,,,1,General knowledge,Vice President
MIKE PENCE,JOSH PITCOCK,Undirected,651,,,1,http://www.cnn.com/2017/01/04/politics/bill-stepien-chris-christie-donald-trump-white-house/,Chief of staff
MIKE PENCE,MARTY OBST,Undirected,652,,,1,http://www.politico.com/story/2017/01/new-pro-trump-political-group-readies-for-launch-233263,"Obst is a ""top Pence aide,"" per Politico"
MIKE PENCE,MARC SHORT,Undirected,654,,,1,http://www.cnn.com/2017/01/04/politics/bill-stepien-chris-christie-donald-trump-white-house/,"""Longtime aide,"" per CNN"
MIKE PENCE,SARAH MAKIN,Undirected,655,,,1,https://www.documentcloud.org/documents/3535103-Makin-Sarah.html,Director of public engagement and intergovernmental affairs
MIKE PENCE,NICK AYERS,Undirected,656,,,1,http://www.politico.com/story/2017/01/new-pro-trump-political-group-readies-for-launch-233263,"Ayers is ""one of [Pence's] top political advsiors,"" per Politico"
MIKE PENCE,RYAN JARMULA,Undirected,657,,,1,https://greatagain.gov/policy-team-32afa7145773,"Jarmula ""served as a member of [Pence's] staff for a number of years,"" per the transition team"
MIKE PENCE,RUSS VOUGHT,Undirected,660,,,1,http://thehill.com/policy/finance/314991-trump-team-prepares-dramatic-cuts,Former aide
MIKE PENCE,THOMAS E. WHEELER,Undirected,661,,,1,http://www.motherjones.com/politics/2017/02/justice-department-thomas-wheeler-presentations,Wheeler worked for Pence
MIKE PENCE,JEN PAVLIK,Undirected,662,,,1,http://www.cnn.com/2017/01/04/politics/bill-stepien-chris-christie-donald-trump-white-house/,Deputy chief of staff
MIKE PENCE,JOHN GRAY,Undirected,663,,,1,http://thehill.com/policy/finance/314991-trump-team-prepares-dramatic-cuts,Gray worked for Pence
STRAUSS ZELNICK,JARED KUSHNER,Undirected,689,,,1,http://nymag.com/daily/intelligencer/2017/01/jared-kushner-trump-administration-power.html,"""close with Kushner,"" per New York Magazine"
LINDA BEAN,DONALD J. TRUMP,Undirected,716,,,1,http://www.nbcnews.com/business/business-news/l-l-bean-embroiled-spat-over-donation-trump-campaign-n706236,Donor
TONY TIAH THEE KIAN,TIAH JOO KIM,Undirected,740,,,1,https://www.washingtonpost.com/classic-apps/high-rollers-risk-takers-and-rule-benders-donald-trumps-unorthodox-roster-of-overseas-business-partners/2017/01/13/73797ab6-cc37-11e6-b8a2-8c2a61b0436f_story.html?utm_term=.c2f475ce19c6,Parent/child
STEVEN MNUCHIN,DONALD J. TRUMP,Undirected,764,,,1,General knowledge,Secretary of Treasury
STEVEN MNUCHIN,EDWARD LAMPERT,Undirected,767,,,1,https://www.washingtonpost.com/news/wonk/wp/2017/01/19/treasury-nominee-initially-omitted-more-than-100-million-from-disclosures-democratic-memo-shows/?postshare=3221484835948504&tid=ss_tw&utm_term=.e7b4eb5ed0a8,Former college roommates; Mnuchin has a position in an entity connected to Lampert
STEVEN MNUCHIN,GEORGE SOROS,Undirected,778,,,1,http://www.vanityfair.com/news/2016/11/george-soros-declares-war-on-trump,Mnuchin worked for Soros' fund
BENJAMIN NETANYAHU,CHARLES KUSHNER,Undirected,890,,,1,http://www.reuters.com/article/us-usa-trump-israel-scene-idUSKBN15U2PA,"Longtime family friends, per Reuters"
BENJAMIN NETANYAHU,JARED KUSHNER,Undirected,891,,,1,http://www.reuters.com/article/us-usa-trump-israel-scene-idUSKBN15U2PA,"Longtime family friends, per Reuters"
RICHARD LEFRAK,DONALD J. TRUMP,Undirected,1005,,,1,http://nymag.com/daily/intelligencer/2017/01/jared-kushner-trump-administration-power.html | https://www.wsj.com/articles/donald-trump-asks-richard-lefrak-steven-roth-to-monitor-infrastructure-plans-costs-1484591989,"""one of Trump's few close friends in New York real estate,"" per New York Magazine and co-head of his new infrastructure council according to the Wall Street Journal"
STEPHEN MUNISTERI,DONALD J. TRUMP,Undirected,1007,,,1,https://www.documentcloud.org/documents/3534157-Munisteri-Stephen-P.html,Deputy assistant
JAMES SCHULTZ,DONALD J. TRUMP,Undirected,1013,,,1,https://www.documentcloud.org/documents/3534346-Shultz-James.html,Senior associate counsel
GERRIT LANSING,DONALD J. TRUMP,Undirected,1049,,,1,https://www.documentcloud.org/documents/3534042-Lansing-Gerrit.html | http://www.politico.com/blogs/donald-trump-administration/2017/02/gerrit-lansing-trump-digital-chief-ousted-235268,Former Chief Digital Officer
ERIC TRUMP,DONALD J. TRUMP,Undirected,1061,,,1,General knowledge,Parent/child
ERIC TRUMP,IVANKA TRUMP,Undirected,1066,,,1,General knowledge,Siblings
ERIC TRUMP,DONALD TRUMP JR.,Undirected,1068,,,1,General knowledge,Siblings
ERIC TRUMP,FELIPE YARYURA,Undirected,1071,,,1,http://www.lanacion.com.ar/1955208-la-emocion-del-socio-argentino-de-trump,The Argentine real estate developer is said to be friends with the Trump family; Yaryura and Eric Trump were photographed together at Trump's election night party
CINDY SIMMS,DONALD J. TRUMP,Undirected,1074,,,1,https://www.documentcloud.org/documents/3534338-Simms-Cindy.html,Special assistant
RICHARD GOETTLICH,JARED KUSHNER,Undirected,1082,,,1,https://www.bloomberg.com/news/features/2017-01-27/jared-kushner-s-felon-father-brought-two-fellow-inmates-into-company,Kushner hired him for his real estate company
DON MCGAHN,JAMES BURNHAM,Undirected,1086,,,1,http://www.jonesday.com/jones-day-lawyers-tapped-for-federal-and-state-posts-01-20-2017/,Senior associate counsel
DON MCGAHN,BLAKE DELAPLANE,Undirected,1088,,,1,http://www.jonesday.com/jones-day-lawyers-tapped-for-federal-and-state-posts-01-20-2017/,Special assistant to the White House Counsel
DON MCGAHN,SHANNON MCGAHN,Undirected,1089,,,1,General knowledge,Married
DON MCGAHN,ANNIE DONALDSON,Undirected,1094,,,1,http://www.jonesday.com/jones-day-lawyers-tapped-for-federal-and-state-posts-01-20-2017/,"Special Counsel to the President, Chief of Staff to the White House Counsel"
DON MCGAHN,DONALD J. TRUMP,Undirected,1099,,,1,General knowledge,White House Counsel
DON MCGAHN,GREG KATSAS,Undirected,1105,,,1,http://www.jonesday.com/jones-day-lawyers-tapped-for-federal-and-state-posts-01-20-2017/,Deputy Counsel to the President
DON MCGAHN,DAVID MORRELL,Undirected,1108,,,1,http://www.jonesday.com/jones-day-lawyers-tapped-for-federal-and-state-posts-01-20-2017/,Associate Counsel to the President
DON MCGAHN,AARON SCHOCK,Undirected,1109,,,1,https://www.documentcloud.org/documents/3535093-McGahn-Donald-F.html,McGahn provided legal services for Schock
MARC LOTTER,DONALD J. TRUMP,Undirected,1134,,,1,https://www.documentcloud.org/documents/3535104-Lotter-Marc.html,Special assistant
ANDY PUZDER,DONALD J. TRUMP,Undirected,1139,,,1,General knowledge,Former nominee for Secretary of Labor
ANDY PUZDER,WILLIAM P. FOLEY,Undirected,1141,,,1,http://www.insidesources.com/meet-the-fast-food-ceo-trump-picked-as-labor-secretary/,"Worked together on deal to turn around debts of Carl's Jr. founder, which was a major success in Puzder's career"
HAROLD G. HAMM,SCOTT PRUITT,Undirected,1147,,,1,http://www.cnbc.com/2016/12/08/scott-pruitt-is-great-pick-to-lead-epa-says-pruitt-ally-harold-hamm.html,"Hamm, chief executive of Continental Energy, was Pruitt's 2013 re-election co-chair"
JESSICA DITTO,MATTHEW GRISWOLD BEVIN,Undirected,1156,,,1,https://www.documentcloud.org/documents/3534035-Ditto-Jessica.html,Ditto was the communications director for Bevin's office
JESSICA DITTO,DONALD J. TRUMP,Undirected,1157,,,1,http://www.cnn.com/2017/01/04/politics/bill-stepien-chris-christie-donald-trump-white-house/,Deputy communications director
MARC SHORT,DONALD J. TRUMP,Undirected,1183,,,1,http://www.cnn.com/2017/01/04/politics/bill-stepien-chris-christie-donald-trump-white-house/,Director of legislative affairs
MARC SHORT,DAVID H. KOCH,Undirected,1185,,,1,http://www.politico.com/story/2016/02/marc-short-marco-rubio-219664,"""the Koch brothers’ top political adviser in Washington and a trusted member of their inner circle for five years,"" per Politico"
SERGEY I. KISLYAK,DONALD J. TRUMP,Undirected,1191,,,1,https://www.washingtonpost.com/politics/inside-trumps-financial-ties-to-russia-and-his-unusual-flattery-of-vladimir-putin/2016/06/17/dbdcaac8-31a6-11e6-8ff7-7b6c1998b7a0_story.html,The Russian diplomat sat in on Trump foreign policy speech in April 2016
CATHERINE BRAY GRIFFITH,WELLS GRIFFITH,Undirected,1194,,,1,https://www.theguardian.com/commentisfree/2017/feb/02/corporate-dark-money-power-atlantic-lobbyists-brexit,Married
RAZ STEINMETZ,DANIEL STEINMETZ,Undirected,1212,,,1,https://www.bloomberg.com/news/articles/2017-04-26/kushners-are-partners-with-one-of-israel-s-wealthiest-families,Parent/child
ELVIRA KUDRYASHOVA,FELIX SATER,Undirected,1239,,,1,https://www.ft.com/content/33285dfa-9231-11e6-8df8-d3778b55a923,"Sater ""agreed to serve as [a director] of a company through which [Kudryashova] would pour $3m into a business venture as part of her efforts to secure a US investor visa,"" per the Financial Times"
ELVIRA KUDRYASHOVA,DANIEL RIDLOFF,Undirected,1240,,,1,https://www.ft.com/content/33285dfa-9231-11e6-8df8-d3778b55a923,"Ridloff ""agreed to serve as [a director] of a company through which [Kudryashova] would pour $3m into a business venture as part of her efforts to secure a US investor visa,"" per the Financial Times"
ELVIRA KUDRYASHOVA,VIKTOR KHRAPUNOV,Undirected,1241,,,1,https://www.ft.com/content/33285dfa-9231-11e6-8df8-d3778b55a923,Parent/child
CHRISTINE CHAO,JAMES S.C. CHAO,Undirected,1247,,,1,https://www.propublica.org/article/familys-shipping-company-could-pose-problems-for-trumps-transportation-pick,Parent/child
CHRISTINE CHAO,ELAINE CHAO,Undirected,1248,,,1,https://www.propublica.org/article/familys-shipping-company-could-pose-problems-for-trumps-transportation-pick,Siblings
GEORGE T. CONWAY III,KELLYANNE CONWAY,Undirected,1251,,,1,General knowledge,Married
ALEX SHNAIDER,DONALD J. TRUMP,Undirected,1282,,,1,http://www.newsweek.com/2016/09/23/donald-trump-foreign-business-deals-national-security-498081.html,"""Trump’s primary partner for his lucrative business in Canada,"" per Newsweek"
STEPHEN BANNON,DONALD J. TRUMP,Undirected,1307,,,1,General knowledge,White House Chief Strategist and Senior Advisor
STEPHEN BANNON,ERIK PRINCE,Undirected,1310,,,1,https://theintercept.com/2017/01/17/notorious-mercenary-erik-prince-is-advising-trump-from-the-shadows/,"""Prince has a close relationship with Breitbart News and Steve Bannon,"" per The Intercept"
STEPHEN BANNON,JENNIFER MERCER,Undirected,1323,,,1,https://www.washingtonpost.com/graphics/politics/mercer-bannon/,"Bannon served as the Mercer family's ""political advisor,"" per the Washington Post"
STEPHEN BANNON,ROBERT MERCER,Undirected,1325,,,1,https://www.washingtonpost.com/graphics/politics/mercer-bannon/,"Bannon served as the Mercer family's ""political advisor,"" per the Washington Post"
STEPHEN BANNON,JULIA HAHN,Undirected,1326,,,1,http://www.newyorker.com/magazine/2017/02/13/becoming-steve-bannons-bannon,"""Hahn is a protégée of Stephen Bannon,"" per The New Yorker"
STEPHEN BANNON,KELLYANNE CONWAY,Undirected,1327,,,1,http://www.elle.com/culture/career-politics/a43112/kellyanne-conway-profile/,"Conway is ""buddies"" with Bannon, per Elle"
STEPHEN BANNON,PATRICK CADDELL,Undirected,1331,,,1,http://www.newyorker.com/magazine/2017/03/27/the-reclusive-hedge-fund-tycoon-behind-the-trump-presidency,"Bannon and Caddell have ""partnered on numerous projects,"" per The New Yorker"
JOHN GRAY,DONALD J. TRUMP,Undirected,1339,,,1,http://thehill.com/policy/finance/314991-trump-team-prepares-dramatic-cuts,Part of OMB transition team
JAMES S.C. CHAO,ANGELA CHAO,Undirected,1346,,,1,https://www.propublica.org/article/familys-shipping-company-could-pose-problems-for-trumps-transportation-pick,Parent/child
JAMES S.C. CHAO,ELAINE CHAO,Undirected,1347,,,1,https://www.propublica.org/article/familys-shipping-company-could-pose-problems-for-trumps-transportation-pick,Parent/child
"WALTER J. ""JAY"" CLAYTON III",DONALD J. TRUMP,Undirected,1349,,,1,http://www.newyorker.com/magazine/2017/03/13/donald-trumps-worst-deal,Nominee for SEC Chairman
ALEXANDER NIX,DONALD J. TRUMP,Undirected,1357,,,1,https://www.theguardian.com/us-news/2016/nov/23/donald-trump-cambridge-analytica-steve-bannon,Worked on presidential campaign. May continue work for the administration.
ROGER KHAFIF,DONALD J. TRUMP,Undirected,1359,,,1,https://www.washingtonpost.com/politics/in-little-moscow-russians-helped-donald-trumps-brand-survive-the-recession/2016/11/04/f9dbd38e-97cf-11e6-bb29-bf2701dbe0a3_story.html,"Told Russian buyers he was a partner in Trump project in Sunny Isles, Fla."
PAUL WINFREE,DONALD J. TRUMP,Undirected,1363,,,1,https://www.documentcloud.org/documents/3534344-Winfree-Paul.html,Deputy director of the domestic policy council
YURY ZAYTSEV,SERGEI MILLIAN,Undirected,1393,,,1,https://www.ft.com/content/ea52a678-9cfb-11e6-8324-be63473ce146,Went on trip to Moscow together in 2011
JACK WEISSELBERG,ALLEN WEISSELBERG,Undirected,1409,,,1,https://www.nytimes.com/2016/05/24/business/dealbook/donald-trump-relationship-bankers.html?_r=0,Parent/child
XI JINPING,TERRY BRANSTAD,Undirected,1414,,,1,https://www.bloomberg.com/politics/articles/2016-12-07/trump-said-to-pick-iowa-governor-branstad-as-china-ambassador,"Brandstad and the Chinese president have a ""friendship dating back to 1985,"" per Bloomberg Politics"
BORIS EPSHTEYN,DONALD J. TRUMP,Undirected,1421,,,1,https://www.documentcloud.org/documents/3534046-Epshteyn-Boris.html,Assistant director of communications
JOHN GORE,JEFF SESSIONS,Undirected,1425,,,1,http://www.jonesday.com/jones-day-lawyers-tapped-for-federal-and-state-posts-01-20-2017/,Deputy assistant AG for Civil Rights
BETHANY SCULLY,DONALD J. TRUMP,Undirected,1444,,,1,https://www.documentcloud.org/documents/3534336-Scully-Bethany.html,Special assistant
IKE PERLMUTTER,DONALD J. TRUMP,Undirected,1448,,,1,https://www.nytimes.com/2017/04/22/us/politics/donald-trump-white-house.html?_r=1,"Perlmutter ""has been informally advising Mr. Trump on veterans issues,"" per the New York Times"
CHARLES KUSHNER,ESTHER KUSHNER,Undirected,1452,,,1,http://nymag.com/daily/intelligencer/2017/01/jared-kushner-trump-administration-power.html,Siblings
CHARLES KUSHNER,SERYL KUSHNER,Undirected,1453,,,1,http://www.townandcountrymag.com/society/politics/news/a9244/charles-jared-kushner-family/,Married
CHARLES KUSHNER,NICOLE KUSHNER MEYER,Undirected,1454,,,1,http://www.townandcountrymag.com/society/politics/news/a9244/charles-jared-kushner-family/,Parent/child
CHARLES KUSHNER,JOSHUA KUSHNER,Undirected,1455,,,1,General knowledge,Parent/child
CHARLES KUSHNER,JIM MCGREEVEY,Undirected,1456,,,1,http://nymag.com/daily/intelligencer/2017/01/jared-kushner-trump-administration-power.html,"""the financial force"" behind the former governor's campaign, per New York Magazine"
CHARLES KUSHNER,MURRAY KUSHNER,Undirected,1457,,,1,http://nymag.com/daily/intelligencer/2017/01/jared-kushner-trump-administration-power.html,Siblings
CHARLES KUSHNER,DARA ORBACH,Undirected,1458,,,1,http://www.townandcountrymag.com/society/politics/news/a9244/charles-jared-kushner-family/,Parent/child
CHARLES KUSHNER,JARED KUSHNER,Undirected,1460,,,1,General knowledge,Parent/child
BOB DOLE,ROBERT LIGHTHIZER,Undirected,1513,,,1,http://www.pbs.org/newshour/rundown/trump-nominates-robert-lighthizer-u-s-trade-representative/,Lighthizer was Dole's campaign treasurer in 1996
STEVEN ROTH,DONALD J. TRUMP,Undirected,1514,,,1,http://www.huffingtonpost.com/entry/donald-trump-steven-roth-meeeting_us_587917f8e4b09281d0eaa28e | https://www.wsj.com/articles/donald-trump-asks-richard-lefrak-steven-roth-to-monitor-infrastructure-plans-costs-1484591989 | https://www.bloomberg.com/news/features/2017-01-27/jared-kushner-s-felon-father-brought-two-fellow-inmates-into-company,"Former campaign advisor, going to co-head infrastructure council"
ANAR MAMMADOV,ELTON MAMMADOV,Undirected,1519,,,1,http://www.newyorker.com/magazine/2017/03/13/donald-trumps-worst-deal,Siblings
VIKTOR KHRAPUNOV,ILYAS KHRAPUNOV,Undirected,1528,,,1,https://www.ft.com/content/33285dfa-9231-11e6-8df8-d3778b55a923,Parent/child
RECEP TAYYIP ERDOGAN,DONALD J. TRUMP,Undirected,1529,,,1,http://www.newsweek.com/2016/09/23/donald-trump-foreign-business-deals-national-security-498081.html,"Erdogan, the president of Turkey and a vocal Trump supporter, met him during the ribbon-cutting of a Trump property"
BEN CARSON,DONALD J. TRUMP,Undirected,1534,,,1,General knowledge,Secretary of HUD
BEN CARSON,BARRY BENNETT,Undirected,1541,,,1,https://www.washingtonpost.com/news/post-politics/wp/2016/01/22/former-carson-campaign-manager-barry-bennett-is-quietly-advising-trumps-top-aides/?utm_term=.795d808dc8d2,Bennet was Carson's presidential campaign manager
DMYTRO FIRTASH,PAUL MANAFORT,Undirected,1544,,,1,https://www.nytimes.com/2016/08/01/us/paul-manafort-ukraine-donald-trump.html,"Manafort and Firtash, ""an oligarch who made billions as a middleman for Gazprom,"" were partners in ""a deal to buy the site of the Drake Hotel on Park Avenue in Manhattan,"" per the New York Times"
PAM MULVANEY,MICK MULVANEY,Undirected,1546,,,1,http://www.usnews.com/news/articles/2011/02/22/10-things-you-didnt-know-about-mick-mulvaney,Married
GEORGE GIGICOS,DONALD J. TRUMP,Undirected,1572,,,1,https://www.documentcloud.org/documents/3534048-Gigicos-George.html,Director of advance
MITCH MCCONNELL,ANDREW BREMBERG,Undirected,1579,,,1,https://www.linkedin.com/in/andrew-bremberg-7170938,Policy advisor and counsel on nominations
MITCH MCCONNELL,ELAINE CHAO,Undirected,1580,,,1,http://elainelchao.com/biography/,Married
MITCH MCCONNELL,W.E.“ED” BOSARGE,Undirected,1581,,,1,http://www.politico.com/tipsheets/prescription-pulse/2016/05/new-legislation-on-stem-cells-raises-alarm-214069,Major campaign donor
OMAROSÉ ONEE MANIGAULT,DONALD J. TRUMP,Undirected,1587,,,1,General knowledge,Assistant to the President and Director of Communications for the Office of Public Liaison
OMAROSÉ ONEE MANIGAULT,H. B. HICKS,Undirected,1590,,,1,http://www.omarosa.com/#,Mentored by
MICK MULVANEY,DONALD J. TRUMP,Undirected,1606,,,1,General knowledge,Director of Office of Management and Budget
MADELEINE WESTERHOUT,RHONA GRAFF RICCIO,Undirected,1631,,,1,https://www.nytimes.com/2017/03/27/us/rhona-graff-donald-trump.html?_r=0,"Riccio helped train Westerhout, per the New York Times"
MADELEINE WESTERHOUT,DONALD J. TRUMP,Undirected,1632,,,1,https://www.documentcloud.org/documents/3534343-Westerhout-Madeleine.html,Executive assistant
SEAN CAIRNCROSS,REINCE PRIEBUS,Undirected,1643,,,1,http://www.politico.com/story/2017/01/trump-transition-white-house-hires-233863,Senior advisor
SEAN CAIRNCROSS,DONALD J. TRUMP,Undirected,1645,,,1,http://www.politico.com/story/2017/01/trump-transition-white-house-hires-233863,Deputy assistant
ANNIE DONALDSON,AARON SCHOCK,Undirected,1658,,,1,https://www.documentcloud.org/documents/3534049-Donaldson-Ann.html,Provided legal services for
JOSEPH HAGIN,DONALD J. TRUMP,Undirected,1664,,,1,https://www.documentcloud.org/documents/3534458-Hagin-Joseph.html,Deputy chief of staff
STEPHEN A. FEINBERG,DONALD J. TRUMP,Undirected,1667,,,1,https://www.nytimes.com/2017/02/15/us/politics/trump-intelligence-agencies-stephen-feinberg.html,Member of Trump's economic advisory council
TOM PRICE,DONALD J. TRUMP,Undirected,1670,,,1,General knowledge,Secretary of Health and Human Services
JOSE E.B. ANTONIO,"JOSE ROBERTO ""ROBBIE"" ANTONIO",Undirected,1707,,,1,http://www.nytimes.com/2016/11/26/us/politics/donald-trump-international-business.html?_r=0,Parent/child
RHONA GRAFF RICCIO,LUCIUS JOSEPH RICCIO,Undirected,1709,,,1,General knowledge,Married
RHONA GRAFF RICCIO,DONALD J. TRUMP,Undirected,1712,,,1,http://www.nytimes.com/1993/04/19/style/weddings-rhona-c-graff-lucius-j-riccio.html,Assistant
BERNARD R. DIAMOND,DONALD TRUMP JR.,Undirected,1739,,,1,Nexis,Business partners
JOSEPH MEYER,NICOLE KUSHNER MEYER,Undirected,1741,,,1,http://nymag.com/daily/intelligencer/2013/01/jared-kushner-names-brother-in-law-observer-ceo.html,Married
RICK PERRY,DONALD J. TRUMP,Undirected,1757,,,1,General knowledge,Secretary of Energy
RICK PERRY,ANITA THIGPEN PERRY,Undirected,1761,,,1,http://thehill.com/policy/healthcare/182135-perrys-addition-to-the-white-house-his-wife-health-advocate-anita-perry,Married
RICK PERRY,PETER HOLT,Undirected,1763,,,1,https://www.texastribune.org/2015/07/10/perry-consulting-big-donor-disclosures/,"Perry consulted for Holt, after governorship to which Holt gave money"
JUSTIN CLARK,DONALD J. TRUMP,Undirected,1767,,,1,https://www.documentcloud.org/documents/3534079-Clark-Justin.html,Director of inter-governmental affairs
LINDSAY WALTERS,DONALD J. TRUMP,Undirected,1769,,,1,https://www.bloomberg.com/politics/articles/2017-02-03/trump-trade-pick-could-negotiate-for-industry-of-biggest-client,White House spokeswoman
NICOLAS SARKOZY,THOMAS J. BARRACK JR.,Undirected,1779,,,1,http://colonyinc.com/about#fulltext4,Sarkozy awarded France's Chevalier de la Légion d'Honneur to Barrack
VINCE HALEY,DONALD J. TRUMP,Undirected,1783,,,1,https://www.documentcloud.org/documents/3534112-Haley-Vincent.html,"Advisor for policy, strategy, and speechwriting"
FELIPE YARYURA,IVANKA TRUMP,Undirected,1787,,,1,http://www.lanacion.com.ar/1955208-la-emocion-del-socio-argentino-de-trump,The Argentine real estate developer is said to be friends with the Trump family
FELIPE YARYURA,DONALD TRUMP JR.,Undirected,1788,,,1,http://www.lanacion.com.ar/1955208-la-emocion-del-socio-argentino-de-trump,The Argentine real estate developer is said to be friends with the Trump family
FELIPE YARYURA,DONALD J. TRUMP,Undirected,1790,,,1,http://www.lanacion.com.ar/1955208-la-emocion-del-socio-argentino-de-trump,The Argentine real estate developer is said to be friends with the Trump family
DAVID M. FRIEDMAN,DONALD J. TRUMP,Undirected,1793,,,1,https://www.nytimes.com/2017/02/11/us/politics/jared-kushner-israel.html?smid=tw-nytimesworld&smtyp=cur&_r=1,Ambassador designate to Israel
JAMES MATTIS,DONALD J. TRUMP,Undirected,1803,,,1,General knowledge,Secretary of Defense
ROSS WORTHINGTON,DONALD J. TRUMP,Undirected,1820,,,1,https://www.documentcloud.org/documents/3534345-Worthington-Ross.html,"Advisor for policy, strategy, and speechwriting"
ARTHUR G. COHEN,PAUL MANAFORT,Undirected,1825,,,1,https://www.nytimes.com/2016/08/01/us/paul-manafort-ukraine-donald-trump.html,"""negotiated a deal to buy the site of the Drake Hotel on Park Avenue in Manhattan,"" per the New York Times"
ROBERT KRAFT,DONALD J. TRUMP,Undirected,1840,,,1,https://www.nytimes.com/2017/04/22/us/politics/donald-trump-white-house.html?_r=1,"A top touchstone outside the White House, according to the New York Times"
KALPESH MEHTA,DONALD J. TRUMP,Undirected,1855,,,1,http://www.newsweek.com/2016/09/23/donald-trump-foreign-business-deals-national-security-498081.html,"""exclusive representative of Trump's businesses in India,"" per Newsweek"
AYDIN DOGAN,MEHMET ALI YALCINDAG,Undirected,1867,,,1,http://www.hurriyetdailynews.com/a-major-shake-up-at-dogan-media.aspx?PageID=238&NID=104450&NewsCatID=345,Father-in-law/son-in-law
PETER NAVARRO,DONALD J. TRUMP,Undirected,1889,,,1,http://www.businessinsider.com/peter-navarro-trump-administration-2017-4,Head of National Trade Council
DARA ORBACH,NICOLE KUSHNER MEYER,Undirected,1900,,,1,http://www.townandcountrymag.com/society/politics/news/a9244/charles-jared-kushner-family/,Siblings
DARA ORBACH,JOSHUA KUSHNER,Undirected,1901,,,1,http://www.townandcountrymag.com/society/politics/news/a9244/charles-jared-kushner-family/,Siblings
DARA ORBACH,SERYL KUSHNER,Undirected,1902,,,1,http://www.townandcountrymag.com/society/politics/news/a9244/charles-jared-kushner-family/,Parent/child
DARA ORBACH,JARED KUSHNER,Undirected,1903,,,1,http://www.townandcountrymag.com/society/politics/news/a9244/charles-jared-kushner-family/,Siblings
KATHLEEN TROIA MCFARLAND,DONALD J. TRUMP,Undirected,1907,,,1,General knowledge,Deputy National Security Advisor
RYAN JARMULA,DONALD J. TRUMP,Undirected,1917,,,1,https://www.documentcloud.org/documents/3534032-Jarmula-Ryan.html,Special assistant
MILES BERGER,JARED KUSHNER,Undirected,1921,,,1,http://nymag.com/daily/intelligencer/2017/01/jared-kushner-trump-administration-power.html,"""business partner of the Kushners,"" per New York Magazine"
MICHAEL D. COHEN,DONALD J. TRUMP,Undirected,1932,,,1,https://www.washingtonpost.com/news/post-politics/wp/2017/01/19/michael-cohen-special-counsel-to-donald-trump-will-follow-him-to-washington/?utm_term=.bea39093a642,Cohen is Trump's personal attorney
WENDI DENG MURDOCH,GRACE MURDOCH,Undirected,1936,,,1,https://www.ft.com/content/a615f0ce-ed90-11e6-930f-061b01e23655,Parent/child
WENDI DENG MURDOCH,IVANKA TRUMP,Undirected,1937,,,1,https://www.theguardian.com/film/2016/oct/11/wendi-deng-murdoch-rupert-trump-sky-ladder-art-of-cai-guo-qiang,"""Close friend,"" according to the Guardian"
GINNI ROMETTY,DONALD J. TRUMP,Undirected,1967,,,1,http://fortune.com/2016/12/14/donald-trump-musk-kalanick-nooyi/,Member of Trump's Strategic and Policy forum
"ROGER J. STONE, JR.",DONALD J. TRUMP,Undirected,1972,,,1,http://www.politico.com/story/2015/08/donald-trumps-debate-dirty-trickster-121098,"""Longtime adviser,"" per Politico"
STEPHANIE GRISHAM,DONALD J. TRUMP,Undirected,1982,,,1,https://www.documentcloud.org/documents/3534109-Grisham-Stephanie.html,Deputy press secretary
SERGEI MILLIAN,DONALD J. TRUMP,Undirected,1985,,,1,https://www.ft.com/content/ea52a678-9cfb-11e6-8324-be63473ce146,Appeared in a Facebook photo together in 2014
SERGEI MILLIAN,VLADIMIR PUTIN,Undirected,1986,,,1,https://www.ft.com/content/ea52a678-9cfb-11e6-8324-be63473ce146,Putin awarded Millian a prize in Jan. 2015 for developing ties between Russia and American businesspeople
LEV LEVIEV,VLADIMIR PUTIN,Undirected,1996,,,1,http://www.nytimes.com/2007/09/16/magazine/16Leviev-t.html,"Described him as a ""true friend"""
MARTIN SORRELL,JARED KUSHNER,Undirected,1999,,,1,http://nymag.com/daily/intelligencer/2017/01/jared-kushner-trump-administration-power.html,Friends
SEAN SPICER,DONALD J. TRUMP,Undirected,2014,,,1,General knowledge,White House Press Secretary
MANGAL PRABHAT LODHA,DONALD J. TRUMP,Undirected,2023,,,1,http://www.nytimes.com/2016/11/26/us/politics/donald-trump-international-business.html,Business partners
ASHER ABEHSERA,JARED KUSHNER,Undirected,2041,,,1,http://nymag.com/daily/intelligencer/2017/01/jared-kushner-trump-administration-power.html,Partnered with Kushner in Brooklyn projects
JOSEPH KELLOGG,DONALD J. TRUMP,Undirected,2047,,,1,https://www.documentcloud.org/documents/3534037-Kellogg-Joseph-K.html,"Chief of staff and executive secretary, National Security Council"
DAN SCAVINO,DONALD J. TRUMP,Undirected,2055,,,1,https://www.documentcloud.org/documents/3535097-Scavino-Dan.html,"Director of Social Media, White House"
JEREMY KATZ,DONALD J. TRUMP,Undirected,2076,,,1,https://www.documentcloud.org/documents/3534036-Katz-Jeremy.html,Deputy director of the National Economic Council
SERGEY KISLYAK,MICHAEL FLYNN,Undirected,2079,,,1,http://bigstory.ap.org/article/ba462d64c12d4692b8381cb7076d34ab/ap-source-trump-aide-frequent-contact-russia-envoy,"""in frequent contact,"" per Jan. 13, 2017 Associated Press article"
SETYA NOVANTO,HARY TANOESOEDIBJO,Undirected,2115,,,1,https://www.nytimes.com/2016/12/31/world/asia/indonesia-donald-trump-resort.html?_r=0,"Setya (former speaker of the Indonesian House of Representatives) is a ""good friend"" of Hary (a Trump partner on Indonesia resorts), per the New York Times"
REX TILLERSON,DONALD J. TRUMP,Undirected,2121,,,1,General knowledge,Secretary of State
REX TILLERSON,IGOR SECHIN,Undirected,2124,,,1,https://www.washingtonpost.com/news/josh-rogin/wp/2016/12/13/inside-rex-tillersons-long-romance-with-russia/?utm_term=.37f238834d71,"""Tillerson, the CEO of ExxonMobil, has a close and personal relationship with Sechin dating back over a decade,"" per the Washington Post"
REX TILLERSON,VLADIMIR PUTIN,Undirected,2127,,,1,http://www.politico.com/magazine/story/2016/12/rex-tillerson-exxon-putin-russia-ties-friend-214515,"In 2012, Putin awarded Order of Friendship to Tillerson"
REX TILLERSON,ALEXANDER NOVAK,Undirected,2128,,,1,https://www.washingtonpost.com/news/josh-rogin/wp/2016/12/13/inside-rex-tillersons-long-romance-with-russia/?utm_term=.37f238834d71,"""Tillerson lowered his profile in Russia but continued to meet with non-sanctioned high-level Russian officials in Moscow, including Russian Energy Minister Alexander Novak,"" per the Washington Post"
ARAS AGALAROV,EMIN AGALAROV,Undirected,2144,,,1,https://www.washingtonpost.com/politics/inside-trumps-financial-ties-to-russia-and-his-unusual-flattery-of-vladimir-putin/2016/06/17/dbdcaac8-31a6-11e6-8ff7-7b6c1998b7a0_story.html?utm_term=.0cb035ebfc6b,Parent/child
ARAS AGALAROV,DONALD J. TRUMP,Undirected,2145,,,1,https://www.washingtonpost.com/politics/inside-trumps-financial-ties-to-russia-and-his-unusual-flattery-of-vladimir-putin/2016/06/17/dbdcaac8-31a6-11e6-8ff7-7b6c1998b7a0_story.html | http://www.forbes.com/profile/aras-agalarov/,"The billionaire real estate developer says he befriended Trump, and also has served as a liaison between Trump and Putin"
CHRISTINE CICCONE,DONALD J. TRUMP,Undirected,2172,,,1,http://www.cnn.com/2016/11/10/politics/donald-trump-transition-drain-the-swamp/,"""Leader"" in the transition team per CNN"
NEWT GINGRICH,DONALD J. TRUMP,Undirected,2180,,,1,https://www.nytimes.com/2017/04/22/us/politics/donald-trump-white-house.html?_r=1,"A top touchstone outside the White House, according to the New York Times"
CARTER PAGE,DONALD J. TRUMP,Undirected,2201,,,1,General knowledge,Foreign policy adviser
JARROD P. AGEN,RICK SNYDER,Undirected,2227,,,1,https://www.documentcloud.org/documents/3534451-Agen-Jarrod.html,Former chief of staff
JARROD P. AGEN,DONALD J. TRUMP,Undirected,2228,,,1,https://www.documentcloud.org/documents/3534451-Agen-Jarrod.html,Deputy assistant
CARL C. ICAHN,DONALD J. TRUMP,Undirected,2244,,,1,http://fortune.com/2016/12/21/donald-trump-carl-icahn-special-adviser-regulations/,Special advisor
DONALD J. TRUMP,ELENA GORLOVA,Undirected,2253,,,1,https://www.washingtonpost.com/politics/in-little-moscow-russians-helped-donald-trumps-brand-survive-the-recession/2016/11/04/f9dbd38e-97cf-11e6-bb29-bf2701dbe0a3_story.html,Gorlova bought a Trump penthouse in Florida
DONALD J. TRUMP,CHRIS CHRISTIE,Undirected,2258,,,1,https://www.nytimes.com/2017/04/22/us/politics/donald-trump-white-house.html?_r=1,Former leader of the presidential transition team
DONALD J. TRUMP,BARRY BENNETT,Undirected,2260,,,1,https://www.washingtonpost.com/news/post-politics/wp/2016/01/22/former-carson-campaign-manager-barry-bennett-is-quietly-advising-trumps-top-aides/?utm_term=.795d808dc8d2,"""Informal advisor to the Donald Trump campaign,"" per the Washington Post"
DONALD J. TRUMP,BILL MCGINLEY,Undirected,2268,,,1,http://www.jonesday.com/jones-day-lawyers-tapped-for-federal-and-state-posts-01-20-2017/,Deputy assistant
DONALD J. TRUMP,JASON D. MEISTER,Undirected,2270,,,1,https://therealdeal.com/issues_articles/whos-jumping-ship/ | http://www.jasondmeister.com/media/,"Worked on Trump's NY campaign, goes on Fox News as a Trump surrogate"
DONALD J. TRUMP,TIMOTHY PATAKI,Undirected,2280,,,1,https://www.documentcloud.org/documents/3534160-Pataki-Timothy-a-New-Entrant-278-2017.html,Special assistant
DONALD J. TRUMP,RICK DEARBORN,Undirected,2283,,,1,http://www.cnn.com/2017/01/04/politics/bill-stepien-chris-christie-donald-trump-white-house/,Deputy chief of staff for legislative and intergovernmental affairs
DONALD J. TRUMP,ROBERT MERCER,Undirected,2286,,,1,https://www.publicintegrity.org/2016/12/02/20504/what-we-knew-about-donald-trump-s-inner-circle-when-we-knew-it,Major donor
DONALD J. TRUMP,SARAH MAKIN,Undirected,2293,,,1,https://www.documentcloud.org/documents/3535103-Makin-Sarah.html,Deputy assistant
DONALD J. TRUMP,BEN HOWARD,Undirected,2298,,,1,https://www.documentcloud.org/documents/3534135-Howard-Benjamin.html,Special assistant
DONALD J. TRUMP,RAJ SHAH,Undirected,2299,,,1,http://www.cnn.com/2017/01/04/politics/bill-stepien-chris-christie-donald-trump-white-house/,Deputy communications director
DONALD J. TRUMP,JAMIE DIMON,Undirected,2305,,,1,http://fortune.com/2016/12/14/donald-trump-musk-kalanick-nooyi/,Member of Trump's Strategic and Policy forum
DONALD J. TRUMP,TERRY BRANSTAD,Undirected,2308,,,1,General knowledge,Nominee for Ambassador to China
DONALD J. TRUMP,UTTAM DHILLON,Undirected,2311,,,1,https://www.documentcloud.org/documents/3534050-Dhillon-Uttam.html,Special assistant
DONALD J. TRUMP,THOMAS PYLE,Undirected,2319,,,1,http://www.latimes.com/politics/la-na-pol-trump-kochs-climate-20161205-story.html,Head of the Department of Energy transition team
DONALD J. TRUMP,JOHN EISENBERG,Undirected,2320,,,1,https://www.whitehouse.gov/the-press-office/2017/02/02/white-house-national-security-advisor-announces-nsc-senior-staff-0,Deputy assistant
DONALD J. TRUMP,MICHAEL J. ELLIS,Undirected,2323,,,1,https://www.documentcloud.org/documents/3534059-Ellis-Michael-J.html,Special assistant
DONALD J. TRUMP,DONALD TRUMP JR.,Undirected,2330,,,1,General knowledge,Parent/child
DONALD J. TRUMP,BRIAN BURNS,Undirected,2332,,,1,https://www.bostonglobe.com/news/politics/2017/01/11/donald-trump-taps-mar-lago-pal-with-massachusetts-ties-for-irish-ambassador-brian-burns/Jt2g5aX1CeVvA3O4RbrDMN/story.html,Ambassador to Ireland
DONALD J. TRUMP,EDWIN MEESE,Undirected,2333,,,1,http://www.cnn.com/2016/11/10/politics/donald-trump-transition-drain-the-swamp/,"""Leader"" in the transition team per CNN"
DONALD J. TRUMP,IVANKA TRUMP,Undirected,2335,,,1,General knowledge,Parent/child
DONALD J. TRUMP,ANDELIZ CASTILLO,Undirected,2346,,,1,https://www.documentcloud.org/documents/3534453-Castillo-Andeliz.html,Special assistant
DONALD J. TRUMP,SAM NUNBERG,Undirected,2351,,,1,http://www.politico.com/magazine/story/2016/06/stephen-miller-donald-trump-2016-policy-adviser-jeff-sessions-213992,Former adviser
DONALD J. TRUMP,JENNIFER KORN,Undirected,2352,,,1,https://www.documentcloud.org/documents/3534039-Korn-Jennifer.html,Deputy director
DONALD J. TRUMP,REINCE PRIEBUS,Undirected,2355,,,1,General knowledge,White House Chief of Staff
DONALD J. TRUMP,MICHAEL POMPEO,Undirected,2364,,,1,General knowledge,Director of CIA
DONALD J. TRUMP,COREY LEWANDOWSKI,Undirected,2366,,,1,http://www.politico.com/blogs/on-media/2017/01/corey-lewandowski-joins-conservative-news-network-as-commentator-233559,Former campaign manager
DONALD J. TRUMP,TOM BOSSERT,Undirected,2373,,,1,General knowledge,Homeland Security Advisor
DONALD J. TRUMP,CURTIS DUBAY,Undirected,2384,,,1,http://thehill.com/policy/finance/307066-trump-taps-economists-investors-for-transition-team,Part of Treasury Department transition team
DONALD J. TRUMP,ROBERT LIGHTHIZER,Undirected,2386,,,1,General knowledge,Nominee for U.S. Trade Representative
DONALD J. TRUMP,DINA POWELL,Undirected,2393,,,1,https://www.bloomberg.com/politics/articles/2017-01-12/goldman-sachs-s-dina-powell-named-as-trump-s-economic-assistant,Assistant to the president and senior counselor for economic initiatives
DONALD J. TRUMP,ELAINE CHAO,Undirected,2397,,,1,General knowledge,Secretary of Transportation
DONALD J. TRUMP,JOHN F. KELLY,Undirected,2399,,,1,General knowledge,Secretary of Department of Homeland Security
DONALD J. TRUMP,JULIA HAHN,Undirected,2400,,,1,https://www.documentcloud.org/documents/3534111-Hahn-Julia.html,Deputy political strategist
DONALD J. TRUMP,LINDA MCMAHON,Undirected,2401,,,1,General knowledge,Administrator of the Small Business Administration
DONALD J. TRUMP,EDWIN FEULNER,Undirected,2410,,,1,http://www.cnn.com/2016/11/10/politics/donald-trump-transition-drain-the-swamp/,"""Leader"" in the transition team per CNN"
DONALD J. TRUMP,PAUL MANAFORT,Undirected,2414,,,1,http://www.cnn.com/2016/08/19/politics/donald-trump-campaign-chairman-paul-manafort-resigns/,Former campaign manager
DONALD J. TRUMP,SONNY PERDUE,Undirected,2417,,,1,https://www.nytimes.com/2017/01/18/us/politics/sonny-perdue-agriculture-secretary.html,Secretary of Agriculture
DONALD J. TRUMP,CHRISTOPHER RUDDY,Undirected,2424,,,1,https://www.washingtonpost.com/news/powerpost/wp/2017/02/12/trump-friend-says-priebus-is-in-way-over-his-head/ | http://www.politico.com/story/2017/02/donald-trump-challenges-governing-presidency-234879,"""One of Trump's longtime friends,"" according to the Washington Post"
DONALD J. TRUMP,ELON MUSK,Undirected,2425,,,1,http://fortune.com/2016/12/14/donald-trump-musk-kalanick-nooyi/,Member of Trump's Strategic and Policy forum
DONALD J. TRUMP,PHIL RUFFIN,Undirected,2430,,,1,https://www.nytimes.com/2017/04/22/us/politics/donald-trump-white-house.html?_r=1,"""Mr. Trump has 20-odd business partners, but none is closer to him than Mr. Ruffin,"" per the New York Times"
DONALD J. TRUMP,ASHLEY MARQUIS,Undirected,2434,,,1,https://www.documentcloud.org/documents/3534134-Marquis-Ashley.html,Chief of staff of the National Economic Council
DONALD J. TRUMP,JOYCE MEYER,Undirected,2435,,,1,https://www.documentcloud.org/documents/3534156-Meyer-Joyce-Y.html,Deputy assistant
DONALD J. TRUMP,TRAVIS KALANICK,Undirected,2443,,,1,http://fortune.com/2016/12/14/donald-trump-musk-kalanick-nooyi/ | http://www.recode.net/2017/2/2/14490950/travis-kalanick-uber-ceo-leaves-donald-trump-advisory-council,Former member of Trump's Strategic and Policy forum
DONALD J. TRUMP,MICHAEL FASCITELLI,Undirected,2444,,,1,https://www.bloomberg.com/news/features/2017-01-27/jared-kushner-s-felon-father-brought-two-fellow-inmates-into-company,Fascitelli is CEO of Vornado Realty Trust and donated the maximum to Trump's campaign
DONALD J. TRUMP,SAM CLOVIS,Undirected,2449,,,1,http://www.politico.com/magazine/story/2016/06/stephen-miller-donald-trump-2016-policy-adviser-jeff-sessions-213992,Former senior policy advisor on campaign
DONALD J. TRUMP,PRINCE ALWALEED BIN TALALTHE,Undirected,2450,,,1,http://www.newsweek.com/2016/09/23/donald-trump-foreign-business-deals-national-security-498081.html,"""the billionaire [...] aided Trump during his corporate bankruptcies in the 1990s by purchasing his yacht, which provided him with desperately needed cash,"" per Newsweek"
DONALD J. TRUMP,ALEXANDER ACOSTA,Undirected,2453,,,1,http://abcnews.go.com/Politics/alexander-acosta-trumps-labor-secretary-nominee/story?id=45541559,Nominee for Labor Secretary
DONALD J. TRUMP,RYAN ZINKE,Undirected,2455,,,1,General knowledge,Secretary of Interior
DONALD J. TRUMP,STEPHEN MILLER,Undirected,2458,,,1,General knowledge,Senior Advisor to the President for Policy
DONALD J. TRUMP,MELANIA TRUMP,Undirected,2460,,,1,General knowledge,Married
DONALD J. TRUMP,EMIN AGALAROV,Undirected,2463,,,1,https://www.washingtonpost.com/politics/inside-trumps-financial-ties-to-russia-and-his-unusual-flattery-of-vladimir-putin/2016/06/17/dbdcaac8-31a6-11e6-8ff7-7b6c1998b7a0_story.html | https://www.youtube.com/watch?v=iuZUNjFsgS8,"The Russian pop singer, son of billionaire real estate developer Aras Agalarov, says he befriended Trump"
DONALD J. TRUMP,STEPHEN B. MEISTER,Undirected,2468,,,1,http://www.nydailynews.com/blogs/dailypolitics/donald-trump-set-file-ethics-complaint-tuesday-ny-ag-eric-schneiderman-blog-entry-1.1697386 | http://www.newsweek.com/2015/10/30/trumps-big-atlantic-city-dump-385427.html,Meister was Trump's attorney during a 2013 ethics suit of the NY AG
DONALD J. TRUMP,KATHRYN TALENTO,Undirected,2475,,,1,https://www.documentcloud.org/documents/3534341-Talento-Kathryn.html,Special advisor
DONALD J. TRUMP,REED S. CORDISH,Undirected,2478,,,1,http://www.baltimoresun.com/news/maryland/politics/blog/bal-reed-cordish-to-join-trump-administration-20170105-story.html,Assistant to the President for intragovernmental and technology initiatives
DONALD J. TRUMP,INDRA NOOYI,Undirected,2489,,,1,http://fortune.com/2016/12/14/donald-trump-musk-kalanick-nooyi/,Member of Trump's Strategic and Policy forum
DONALD J. TRUMP,MARC E. KASOWITZ,Undirected,2505,,,1,http://www.kasowitz.com/marc-e-kasowitz/,"Has represented ""President Donald J. Trump in a wide range of litigation matters for over 15 years,"" per bio"
DONALD J. TRUMP,CLIFF SIMS,Undirected,2506,,,1,https://www.documentcloud.org/documents/3534339-Sims-Cliff.html,Director of White House message strategy
DONALD J. TRUMP,SHAHIRA KNIGHT,Undirected,2509,,,1,https://www.documentcloud.org/documents/3534038-Knight-Shahira-E.html,Special assistant
DONALD J. TRUMP,JEFF SESSIONS,Undirected,2510,,,1,General knowledge,Attorney General
DONALD J. TRUMP,WELLS GRIFFITH,Undirected,2511,,,1,http://www.politico.com/story/2017/01/trumps-shadow-cabinet-234088 | https://www.documentcloud.org/documents/3460899-Wells-Griffith-LinkedIn-2017-02-13.html,"Battleground states director for Trump campaign, senior adviser for the Department of Energy"
DONALD J. TRUMP,JASON D. GREENBLATT,Undirected,2514,,,1,https://www.nytimes.com/2016/12/25/us/politics/trump-organization-business.html?_r=0,Special Representative for International Negotiations
DONALD J. TRUMP,SCOTT PRUITT,Undirected,2522,,,1,General knowledge,Administrator of the Environmental Protection Agency
DONALD J. TRUMP,ALEXANDER ANGELSON,Undirected,2533,,,1,https://www.documentcloud.org/documents/3534231-Angelson-Alexander.html,Special assistant
DONALD J. TRUMP,ANDREW BREMBERG,Undirected,2539,,,1,General knowledge,Domestic policy advisor
DONALD J. TRUMP,HELEN FERRE,Undirected,2541,,,1,https://www.documentcloud.org/documents/3534068-Ferre-Helen.html,Director media affairs
DONALD J. TRUMP,BETSY DEVOS,Undirected,2548,,,1,General knowledge,Secretary of Education
DONALD J. TRUMP,JOHN MCENTEE,Undirected,2551,,,1,http://www.cnn.com/2017/01/04/politics/bill-stepien-chris-christie-donald-trump-white-house/,Personal aide to the President
DONALD J. TRUMP,MICHAEL FLYNN,Undirected,2553,,,1,General knowledge,National Security Advisor
DONALD J. TRUMP,OLEG MISERVA,Undirected,2555,,,1,https://www.washingtonpost.com/politics/in-little-moscow-russians-helped-donald-trumps-brand-survive-the-recession/2016/11/04/f9dbd38e-97cf-11e6-bb29-bf2701dbe0a3_story.html,Miserva bought a Trump penthouse in Florida
DONALD J. TRUMP,DAN COATS,Undirected,2556,,,1,General knowledge,Director of National Intelligence
DONALD J. TRUMP,MIKE BASELICE,Undirected,2561,,,1,https://www.texastribune.org/2016/07/01/trump-campaign-turns-texas-political-talent/,Pollster for Trump's presidential campaign
DONALD J. TRUMP,RUSS VOUGHT,Undirected,2562,,,1,http://thehill.com/policy/finance/314991-trump-team-prepares-dramatic-cuts,Part of OMB transition team
DONALD J. TRUMP,VICTOR PINCHUK,Undirected,2563,,,1,https://www.buzzfeed.com/paulmcleod/trump-foundation-received-150000-donation-in-exchange-for-20?utm_term=.wtQZdJa2V#.llzLxNkYw,Trump made video appearance for Pinchuk's convention
DONALD J. TRUMP,MEHMET ALI YALCINDAG,Undirected,2565,,,1,http://www.nytimes.com/2016/11/26/us/politics/donald-trump-international-business.html,Business partners
DONALD J. TRUMP,THOMAS J. BARRACK JR.,Undirected,2571,,,1,https://www.donaldjtrump.com/press-releases/president-elect-trump-announces-presidentialinaugural-committee-leader,Inauguration committee chairman
DONALD J. TRUMP,ADO MACHIDA,Undirected,2575,,,1,http://www.cnn.com/2016/11/10/politics/donald-trump-transition-drain-the-swamp/ | https://www.linkedin.com/in/ado-machida-68a9a64,Director of policy implementation for Trump transition team
DONALD J. TRUMP,ERIC UELAND,Undirected,2596,,,1,http://www.cnn.com/2016/11/10/politics/donald-trump-transition-drain-the-swamp/,"""Leader"" in the transition team per CNN"
DONALD J. TRUMP,ALLEN WEISSELBERG,Undirected,2597,,,1,http://blogs.wsj.com/cfo/2016/11/05/donald-trumps-loyal-numbers-man/,"""One of Donald Trump's longtime confidants,"" per the Wall Street Journal"
DONALD J. TRUMP,AJIT PAI,Undirected,2605,,,1,http://www.usatoday.com/story/tech/news/2017/01/23/new-fcc-chairman-ajit-pai-no-net-neutrality-fan/96967372/,Appointed chairman of the Federal Communications Commission
DONALD J. TRUMP,BILL STEPIEN,Undirected,2607,,,1,http://www.cnn.com/2017/01/04/politics/bill-stepien-chris-christie-donald-trump-white-house/,White House political director
DONALD J. TRUMP,STEVEN N. CHEUNG,Undirected,2608,,,1,https://www.documentcloud.org/documents/3534333-Cheung-Steven-N.html,Assistant communications director
DONALD J. TRUMP,ROBERT GOAD,Undirected,2610,,,1,https://www.documentcloud.org/documents/3534080-Goad-Robert.html,Special assistant
DONALD J. TRUMP,SEAN HANNITY,Undirected,2615,,,1,https://www.nytimes.com/2017/04/22/us/politics/donald-trump-white-house.html?_r=1,"A top touchstone outside the White House, according to the New York Times"
DONALD J. TRUMP,BRIAN BAUDREAU,Undirected,2617,,,1,https://www.nytimes.com/2016/12/25/us/politics/trump-organization-business.html?_r=0,Former driver
DONALD J. TRUMP,JAMES SHERK,Undirected,2618,,,1,https://www.bna.com/trumps-new-labor-n57982084346/,White House Domestic Policy Council labor and employment advisor
DONALD J. TRUMP,DAVID SHULKIN,Undirected,2621,,,1,http://www.usnews.com/news/national-news/articles/2017-02-09/10-things-you-didnt-know-about-david-shulkin,Secretary of Veterans Affairs
DONALD J. TRUMP,STEPHEN A. SCHWARZMAN,Undirected,2625,,,1,http://fortune.com/2016/12/14/donald-trump-musk-kalanick-nooyi/,Chair of Trump's Strategic and Policy forum
DONALD J. TRUMP,JARED KUSHNER,Undirected,2626,,,1,https://www.washingtonpost.com/news/post-politics/wp/2017/01/09/tumps-son-in-law-jared-kushner-expected-to-join-white-house-as-a-senior-adviser/?utm_term=.a3958e1d3829,Senior adviser
DONALD J. TRUMP,GEORGE E. NORCROSS III,Undirected,2628,,,1,https://www.nytimes.com/2017/02/18/us/mar-a-lago-trump-ethics-winter-white-house.html?_r=0,"""whose friendship with Mr. Trump dates to the president’s Atlantic City years,"" per the New York Times"
DONALD J. TRUMP,WILBUR ROSS,Undirected,2634,,,1,General knowledge,Secretary of Commerce
DONALD J. TRUMP,KELLYANNE CONWAY,Undirected,2638,,,1,General knowledge,White House Counselor
DONALD J. TRUMP,JOE HAGIN,Undirected,2639,,,1,http://www.cnn.com/2017/01/04/politics/bill-stepien-chris-christie-donald-trump-white-house/,Deputy chief of staff for operations
MARK BURNETT,ROMA DOWNEY,Undirected,2649,,,1,General knowledge,Married
WILBUR ROSS,JAMES UTHMEIER,Undirected,2747,,,1,http://www.jonesday.com/jones-day-lawyers-tapped-for-federal-and-state-posts-01-20-2017/,Special advisor
MICHELLE BACHMANN,STEPHEN MILLER,Undirected,2768,,,1,http://www.politico.com/magazine/story/2016/06/stephen-miller-donald-trump-2016-policy-adviser-jeff-sessions-213992,Worked for her
JOHN KYL,JEFF SESSIONS,Undirected,2769,,,1,http://www.azcentral.com/story/news/politics/azdc/2017/01/13/jon-kyl-helping-jeff-sessions-confirmation-hearing-attorney-general/96558516/,"Kyl was Sessions's ""sherpa"" for confirmation hearings"
YOUSEF AL-OTAIBA,THOMAS J. BARRACK JR.,Undirected,2774,,,1,https://www.nytimes.com/2017/02/11/us/politics/jared-kushner-israel.html?smid=tw-nytimesworld&smtyp=cur&_r=1,"""Friend"" per the New York Times"
CHRIS CHRISTIE,DAVID WILDSTEIN,Undirected,2796,,,1,http://nymag.com/daily/intelligencer/2016/09/david-wildstein-chris-christie-bridgegate-trial.html,"Christie and Wildstein went to high school together, and Christie appointed Wildstein to a director position at the Port Authority"
CHRIS CHRISTIE,BILL STEPIEN,Undirected,2797,,,1,http://www.politico.com/story/2017/01/bill-stepien-donald-trump-christie-233199,Former deputy chief of staff
AVRAHM BERKOWITZ,JARED KUSHNER,Undirected,2800,,,1,https://www.documentcloud.org/documents/3534232-Berkowitz-Avrahm-J.html,Assistant
PATRICK CADDELL,ROBERT MERCER,Undirected,2811,,,1,http://www.newyorker.com/magazine/2017/03/27/the-reclusive-hedge-fund-tycoon-behind-the-trump-presidency,"""At least as far back as 2013 [Caddell] has been a contractor for one of Trump’s biggest financial backers: Robert Mercer,"" per The New Yorker"
SUSAN POMPEO,MICHAEL POMPEO,Undirected,2848,,,1,http://pompeo.house.gov/biography/,Married
VIKTOR TKACHUK,IVANKA TRUMP,Undirected,2849,,,1,http://www.newsweek.com/2016/09/23/donald-trump-foreign-business-deals-national-security-498081.html,"Met in 2006, when Tkachuk was an adviser to the Ukrainian president"
VIKTOR TKACHUK,DONALD TRUMP JR.,Undirected,2850,,,1,http://www.newsweek.com/2016/09/23/donald-trump-foreign-business-deals-national-security-498081.html,"Met in 2006, when Tkachuk was an adviser to the Ukrainian president"
RICK DEARBORN,JEFF SESSIONS,Undirected,2852,,,1,http://www.cnn.com/2017/01/04/politics/bill-stepien-chris-christie-donald-trump-white-house/,Former chief of staff
ROBERT MERCER,NIGEL FARAGE,Undirected,2862,,,1,https://www.theguardian.com/politics/2017/mar/04/nigel-oakes-cambridge-analytica-what-role-brexit-trump,"""Close friends,"" per the Guardian"
TUCKER CARLSON,STEPHEN MILLER,Undirected,2866,,,1,http://www.politico.com/magazine/story/2016/06/stephen-miller-donald-trump-2016-policy-adviser-jeff-sessions-213992,Miller set up meeting between Carlson and Sessions
JUSTIN WENIGER,JARED KUSHNER,Undirected,2887,,,1,http://www.businessinsider.com/jared-kushner-trump-media-mogul-observer-2016-12,Friends
SERYL KUSHNER,NICOLE KUSHNER MEYER,Undirected,2904,,,1,http://www.townandcountrymag.com/society/politics/news/a9244/charles-jared-kushner-family/,Parent/child
ERIC HOLCOMB,KELLYANNE CONWAY,Undirected,2930,,,1,https://www.documentcloud.org/documents/3534450-Conway-Kellyanne.html,Conway provided consulting services to Holcomb
THOMAS E. WHEELER,JEFF SESSIONS,Undirected,2931,,,1,https://www.nytimes.com/2017/02/28/magazine/jeff-sessions-stephen-bannon-justice-department.html?_r=0 | https://www.buzzfeed.com/zoetillman/heres-who-is-running-the-justice-department-right-now | https://www.justice.gov/crt,Sessions appointed Wheeler to Deputy Assistant Attorney General. Wheeler was also appointed head of the DOJ's Civil Rights Division as an Acting Assistant Attorney General.
MICHAEL MURRAY,JEFF SESSIONS,Undirected,2944,,,1,http://www.jonesday.com/jones-day-lawyers-tapped-for-federal-and-state-posts-01-20-2017/,Counsel to the Deputy Attorney General
DONALD TRUMP JR.,ANDRIY ZAIKA,Undirected,2961,,,1,http://www.newsweek.com/2016/09/23/donald-trump-foreign-business-deals-national-security-498081.html,"Met in 2006, when Zaika was head of the Ukrainian Construction Consortium"
DONALD TRUMP JR.,RUSSELL FLICKER,Undirected,2964,,,1,Nexis,Business partners
DONALD TRUMP JR.,IVANKA TRUMP,Undirected,2965,,,1,General knowledge,Siblings
DONALD TRUMP JR.,BONNIE HAYDON,Undirected,2966,,,1,Nexis — NYT 11/19/2006,Father-in-law/son-in-law
DONALD TRUMP JR.,VANESSA TRUMP,Undirected,2968,,,1,General knowledge,Married
DONALD TRUMP JR.,JASON D. GREENBLATT,Undirected,2973,,,1,Nexis,Business partners
ABDUL RAHMAN AL-ASSIR,PAUL MANAFORT,Undirected,2991,,,1,https://www.washingtonpost.com/politics/in-business-as-in-politics-trump-adviser-no-stranger-to-controversial-figures/2016/04/26/970db232-08c7-11e6-b283-e79d81c63c1b_story.html?utm_term=.de35331c8594,Manafort secured a loan from al-Assir
IGOR SECHIN,VLADIMIR PUTIN,Undirected,2992,,,1,https://www.ft.com/content/a8f24922-cef4-11e3-9165-00144feabdc0,Former deputy prime minister
REINCE PRIEBUS,MALLORY HUNTER,Undirected,3023,,,1,https://www.documentcloud.org/documents/3534136-Hunter-Mallory.html,Executive assistant
REINCE PRIEBUS,KATIE WALSH,Undirected,3026,,,1,http://www.cnn.com/2017/01/04/politics/bill-stepien-chris-christie-donald-trump-white-house/ | http://www.politico.com/story/2017/03/trump-deputy-chief-of-staff-katie-walsh-moving-to-outside-political-groups-236706,Former deputy chief of staff
CAROLINE MAY,STEPHEN MILLER,Undirected,3068,,,1,http://www.politico.com/magazine/story/2016/06/stephen-miller-donald-trump-2016-policy-adviser-jeff-sessions-213992,"Miller sent tips to May, a Breitbart reporter"
DAVID HOROWITZ,STEPHEN MILLER,Undirected,3073,,,1,http://www.politico.com/magazine/story/2016/06/stephen-miller-donald-trump-2016-policy-adviser-jeff-sessions-213992,"""Miller considers Horowitz a mentor,"" per Politico"
DINA POWELL,IVANKA TRUMP,Undirected,3093,,,1,http://www.politico.com/story/2017/01/ivanka-trump-goldman-sachs-233234,"Ivanka Trump ""has been leaning on [Powell] ... as a top adviser on policy and staffing,"" per Politico"
ELAINE CHAO,ANGELA CHAO,Undirected,3101,,,1,https://www.propublica.org/article/familys-shipping-company-could-pose-problems-for-trumps-transportation-pick,Siblings
JULIA HAHN,STEPHEN MILLER,Undirected,3111,,,1,http://www.politico.com/magazine/story/2016/06/stephen-miller-donald-trump-2016-policy-adviser-jeff-sessions-213992,"Miller sent tips to Hahn, a Breitbart reporter"
GARRETT MURCH,JEFF SESSIONS,Undirected,3115,,,1,http://www.politico.com/magazine/story/2016/06/stephen-miller-donald-trump-2016-policy-adviser-jeff-sessions-213992 | https://www.linkedin.com/in/garrett-murch-9800b928,Former communications advisor
DAVID H. KOCH,WILLIAM I. KOCH,Undirected,3116,,,1,http://www.forbes.com/profile/koch/,Siblings
MARGARET CHIN,JARED KUSHNER,Undirected,3119,,,1,http://thevillager.com/2013/07/25/the-billionaires-back-margaret-chin-for-city-council/,Donor
KEVIN MARINO,BILL STEPIEN,Undirected,3120,,,1,http://www.politico.com/story/2017/01/bill-stepien-donald-trump-christie-233199,Marino served as Stepien's attorney during the Bridgegate trial
VLADIMIR PUTIN,ALEXANDER NOVAK,Undirected,3126,,,1,https://www.washingtonpost.com/news/josh-rogin/wp/2016/12/13/inside-rex-tillersons-long-romance-with-russia/?utm_term=.37f238834d71,Energy minister
STEPHANIE WINSTON WOLKOFF,MELANIA TRUMP,Undirected,3131,,,1,http://www.politico.com/story/2017/02/donald-trump-challenges-governing-presidency-234879,Senior adviser
PAUL MANAFORT,VIKTOR F. YANUKOVYCH,Undirected,3137,,,1,https://www.nytimes.com/2016/08/01/us/paul-manafort-ukraine-donald-trump.html,Manafort ran PR for Yanukovych's campaign
PAUL MANAFORT,RINAT AKHMETOV,Undirected,3138,,,1,https://www.nytimes.com/2016/08/01/us/paul-manafort-ukraine-donald-trump.html,Manafort worked to improve image of Akhmetov's companies
PAUL MANAFORT,DMITRY FIRTASH,Undirected,3141,,,1,https://www.washingtonpost.com/politics/in-business-as-in-politics-trump-adviser-no-stranger-to-controversial-figures/2016/04/26/970db232-08c7-11e6-b283-e79d81c63c1b_story.html?utm_term=.de35331c8594,Worked together in bid for site of Drake Hotel in NYC
PAULO FIGUEIREDO FILHO,IVANKA TRUMP,Undirected,3173,,,1,http://www.nytimes.com/2016/11/26/us/politics/donald-trump-international-business.html,"Lunched together, spawning Trump interest in Rio hotel"
JOSHUA KUSHNER,JARED KUSHNER,Undirected,3175,,,1,General knowledge,Siblings
JOSHUA KUSHNER,NICOLE KUSHNER MEYER,Undirected,3183,,,1,http://www.townandcountrymag.com/society/politics/news/a9244/charles-jared-kushner-family/,Siblings
IVANKA TRUMP,ANDRIY ZAIKA,Undirected,3191,,,1,http://www.newsweek.com/2016/09/23/donald-trump-foreign-business-deals-national-security-498081.html,"Met in 2006, when Zaika was head of the Ukrainian Construction Consortium"
IVANKA TRUMP,GRACE MURDOCH,Undirected,3196,,,1,https://www.ft.com/content/a615f0ce-ed90-11e6-930f-061b01e23655,Former trustee
IVANKA TRUMP,MEHMET ALI YALCINDAG,Undirected,3197,,,1,http://www.nytimes.com/2016/11/26/us/politics/donald-trump-international-business.html,Business partners
IVANKA TRUMP,JARED KUSHNER,Undirected,3198,,,1,General knowledge,Married
MIKE FERGUSON,ANDREW BREMBERG,Undirected,3203,,,1,https://www.statnews.com/2016/11/15/trump-influencers-health-care/,"Bremberg ""is a lifelong friend"" of Ferguson, a former U.S. House representative, per Stat"
MELANIA TRUMP,LINDSEY REYNOLDS,Undirected,3229,,,1,http://www.politico.com/story/2017/02/donald-trump-challenges-governing-presidency-234879,Chief of staff
STEPHEN B. MEISTER,JASON D. MEISTER,Undirected,3239,,,1,https://therealdeal.com/issues_articles/whos-jumping-ship/,Parent/child
NICOLE KUSHNER MEYER,JARED KUSHNER,Undirected,3242,,,1,http://www.townandcountrymag.com/society/politics/news/a9244/charles-jared-kushner-family/,Siblings
STEPHEN MILLER,JEFF SESSIONS,Undirected,3243,,,1,http://www.politico.com/magazine/story/2016/06/stephen-miller-donald-trump-2016-policy-adviser-jeff-sessions-213992,Former chief of communications
STEPHEN MILLER,SAM NUNBERG,Undirected,3244,,,1,http://www.politico.com/magazine/story/2016/06/stephen-miller-donald-trump-2016-policy-adviser-jeff-sessions-213992,Friends
MATTHEW CALAMARI,"MATTHEW CALAMARI, JR.",Undirected,3261,,,1,https://www.nytimes.com/2016/12/25/us/politics/trump-organization-business.html?_r=0,Parent/child
RYAN DOHERTY,JARED KUSHNER,Undirected,3274,,,1,http://www.businessinsider.com/jared-kushner-trump-media-mogul-observer-2016-12,Friends
AVRAM LEBOR,JARED KUSHNER,Undirected,3292,,,1,https://www.bloomberg.com/news/features/2017-01-27/jared-kushner-s-felon-father-brought-two-fellow-inmates-into-company,Kushner hired him for his real estate company
JEFF SESSIONS,AJIT PAI,Undirected,3304,,,1,https://www.fcc.gov/about/leadership/ajit-pai,Former deputy chief counsel
SAM BROWNBACK,AJIT PAI,Undirected,3315,,,1,https://www.fcc.gov/about/leadership/ajit-pai,Former chief counsel
BETSY DEVOS,RICHARD DEVOS,Undirected,3346,,,1,General knowledge,Parent/child
BETSY DEVOS,ERIK PRINCE,Undirected,3347,,,1,https://theintercept.com/2017/01/17/notorious-mercenary-erik-prince-is-advising-trump-from-the-shadows/,Siblings
JARED KUSHNER,ROB SPEYER,Undirected,3352,,,1,http://nymag.com/realestate/features/53797/index5.html,Gave Kushner $50 million to help by a property from his father's company-Tishman Speyer
